source,city,country,zone,year,mkt_grimm_c,mkt_physical_c,mkt_ea50_c,mkt_ea120_c,tmean_c,pd_hpa,days
ERA5 (Open-Meteo),Delhi,IN,IV,1981,28.438,28.096,26.827,29.334,24.930,17.917,
ERA5 (Open-Meteo),Delhi,IN,IV,1982,28.003,27.633,26.426,28.800,24.256,18.353,
ERA5 (Open-Meteo),Delhi,IN,IV,1983,27.099,26.645,25.524,27.734,23.482,19.462,
ERA5 (Open-Meteo),Delhi,IN,IV,1984,28.511,28.138,26.808,29.430,24.388,17.815,
ERA5 (Open-Meteo),Delhi,IN,IV,1985,28.393,28.070,26.878,29.240,24.753,18.334,
ERA5 (Open-Meteo),Delhi,IN,IV,1986,28.099,27.732,26.542,28.874,24.349,18.529,
ERA5 (Open-Meteo),Delhi,IN,IV,1987,29.641,29.389,28.141,30.567,25.824,17.933,
ERA5 (Open-Meteo),Delhi,IN,IV,1988,28.854,28.587,27.366,29.831,25.218,18.955,
ERA5 (Open-Meteo),Delhi,IN,IV,1989,28.396,28.039,26.820,29.198,24.521,17.309,
ERA5 (Open-Meteo),Delhi,IN,IV,1990,28.076,27.739,26.604,28.856,24.543,19.575,
ERA5 (Open-Meteo),Delhi,IN,IV,1991,28.786,28.465,27.219,29.652,24.876,17.905,
ERA5 (Open-Meteo),Delhi,IN,IV,1992,28.339,28.050,26.926,29.161,24.797,17.752,
ERA5 (Open-Meteo),Delhi,IN,IV,1993,28.820,28.529,27.284,29.769,25.064,18.352,
ERA5 (Open-Meteo),Delhi,IN,IV,1994,28.426,28.138,26.999,29.284,24.953,18.422,
ERA5 (Open-Meteo),Delhi,IN,IV,1995,29.080,28.769,27.396,30.142,25.116,18.278,
ERA5 (Open-Meteo),Delhi,IN,IV,1996,27.819,27.468,26.357,28.558,24.173,19.319,
ERA5 (Open-Meteo),Delhi,IN,IV,1997,27.155,26.710,25.558,27.822,23.412,19.784,
ERA5 (Open-Meteo),Delhi,IN,IV,1998,28.535,28.203,26.925,29.480,24.534,20.764,
ERA5 (Open-Meteo),Delhi,IN,IV,1999,28.963,28.655,27.427,29.832,25.075,19.436,
ERA5 (Open-Meteo),Delhi,IN,IV,2000,28.550,28.220,27.051,29.332,24.739,20.006,
ERA5 (Open-Meteo),Delhi,IN,IV,2001,28.343,28.020,26.945,29.043,24.672,20.078,
ERA5 (Open-Meteo),Delhi,IN,IV,2002,29.752,29.503,28.201,30.755,25.719,19.264,
ERA5 (Open-Meteo),Delhi,IN,IV,2003,28.227,27.851,26.600,29.078,24.286,19.899,
ERA5 (Open-Meteo),Delhi,IN,IV,2004,29.061,28.795,27.671,29.868,25.472,19.891,
ERA5 (Open-Meteo),Delhi,IN,IV,2005,28.676,28.381,27.190,29.548,25.048,18.908,
ERA5 (Open-Meteo),Delhi,IN,IV,2006,28.831,28.602,27.585,29.588,25.655,19.970,
ERA5 (Open-Meteo),Delhi,IN,IV,2007,28.795,28.505,27.336,29.634,25.134,20.124,
ERA5 (Open-Meteo),Delhi,IN,IV,2008,27.911,27.609,26.648,28.529,24.671,20.551,
ERA5 (Open-Meteo),Delhi,IN,IV,2009,29.312,29.075,27.908,30.202,25.689,18.880,
ERA5 (Open-Meteo),Delhi,IN,IV,2010,29.479,29.227,27.978,30.463,25.705,20.434,
ERA5 (Open-Meteo),Delhi,IN,IV,2011,27.997,27.667,26.612,28.683,24.553,20.818,
ERA5 (Open-Meteo),Delhi,IN,IV,2012,28.718,28.369,27.047,29.653,24.617,19.013,
ERA5 (Open-Meteo),Delhi,IN,IV,2013,28.128,27.775,26.619,28.908,24.433,21.088,
ERA5 (Open-Meteo),Delhi,IN,IV,2014,28.763,28.418,27.159,29.614,24.778,19.695,
ERA5 (Open-Meteo),Delhi,IN,IV,2015,28.441,28.137,27.008,29.239,24.793,20.922,
ERA5 (Open-Meteo),Delhi,IN,IV,2016,29.009,28.771,27.731,29.778,25.549,21.792,
ERA5 (Open-Meteo),Delhi,IN,IV,2017,28.862,28.589,27.472,29.670,25.226,21.073,
ERA5 (Open-Meteo),Delhi,IN,IV,2018,28.899,28.628,27.527,29.681,25.152,21.017,
ERA5 (Open-Meteo),Delhi,IN,IV,2019,29.030,28.711,27.417,29.958,24.885,21.036,
ERA5 (Open-Meteo),Delhi,IN,IV,2020,28.282,27.936,26.801,29.001,24.414,21.270,
ERA5 (Open-Meteo),Delhi,IN,IV,2021,28.748,28.471,27.395,29.497,25.079,21.184,
ERA5 (Open-Meteo),Delhi,IN,IV,2022,29.560,29.282,28.014,30.501,25.418,21.612,
ERA5 (Open-Meteo),Delhi,IN,IV,2023,28.310,28.035,27.030,29.002,24.868,21.518,
ERA5 (Open-Meteo),Delhi,IN,IV,2024,29.435,29.125,27.803,30.414,25.167,21.644,
ERA5 (Open-Meteo),Delhi,IN,IV,2025,28.378,28.075,27.019,29.097,24.782,22.135,
ERA5 (Open-Meteo),Mumbai,IN,IV,1981,27.109,27.097,26.865,27.345,26.446,25.159,
ERA5 (Open-Meteo),Mumbai,IN,IV,1982,27.101,27.098,26.892,27.318,26.386,26.279,
ERA5 (Open-Meteo),Mumbai,IN,IV,1983,26.709,26.691,26.466,26.923,25.968,24.927,
ERA5 (Open-Meteo),Mumbai,IN,IV,1984,26.956,26.939,26.695,27.197,26.167,24.815,
ERA5 (Open-Meteo),Mumbai,IN,IV,1985,26.723,26.715,26.503,26.941,26.043,25.057,
ERA5 (Open-Meteo),Mumbai,IN,IV,1986,27.016,27.010,26.799,27.234,26.366,25.324,
ERA5 (Open-Meteo),Mumbai,IN,IV,1987,27.398,27.394,27.189,27.613,26.771,26.106,
ERA5 (Open-Meteo),Mumbai,IN,IV,1988,27.116,27.115,26.917,27.324,26.478,25.818,
ERA5 (Open-Meteo),Mumbai,IN,IV,1989,26.978,26.971,26.763,27.194,26.285,25.233,
ERA5 (Open-Meteo),Mumbai,IN,IV,1990,26.831,26.828,26.650,27.018,26.262,25.820,
ERA5 (Open-Meteo),Mumbai,IN,IV,1991,27.086,27.069,26.842,27.306,26.344,25.586,
ERA5 (Open-Meteo),Mumbai,IN,IV,1992,27.144,27.132,26.900,27.372,26.395,25.092,
ERA5 (Open-Meteo),Mumbai,IN,IV,1993,27.026,27.018,26.815,27.230,26.351,25.837,
ERA5 (Open-Meteo),Mumbai,IN,IV,1994,27.094,27.085,26.883,27.299,26.419,25.475,
ERA5 (Open-Meteo),Mumbai,IN,IV,1995,27.307,27.297,27.068,27.537,26.651,25.647,
ERA5 (Open-Meteo),Mumbai,IN,IV,1996,27.131,27.126,26.928,27.339,26.467,25.863,
ERA5 (Open-Meteo),Mumbai,IN,IV,1997,27.132,27.119,26.908,27.340,26.490,25.915,
ERA5 (Open-Meteo),Mumbai,IN,IV,1998,27.507,27.501,27.283,27.731,26.798,26.610,
ERA5 (Open-Meteo),Mumbai,IN,IV,1999,27.111,27.100,26.897,27.314,26.429,25.560,
ERA5 (Open-Meteo),Mumbai,IN,IV,2000,27.103,27.091,26.870,27.321,26.378,25.669,
ERA5 (Open-Meteo),Mumbai,IN,IV,2001,27.038,27.031,26.817,27.256,26.347,25.861,
ERA5 (Open-Meteo),Mumbai,IN,IV,2002,27.631,27.622,27.377,27.882,26.886,25.635,
ERA5 (Open-Meteo),Mumbai,IN,IV,2003,27.539,27.535,27.319,27.765,26.856,26.176,
ERA5 (Open-Meteo),Mumbai,IN,IV,2004,27.523,27.516,27.273,27.777,26.769,25.642,
ERA5 (Open-Meteo),Mumbai,IN,IV,2005,27.251,27.232,26.970,27.506,26.462,25.215,
ERA5 (Open-Meteo),Mumbai,IN,IV,2006,27.601,27.595,27.391,27.812,26.935,26.055,
ERA5 (Open-Meteo),Mumbai,IN,IV,2007,27.760,27.759,27.549,27.982,27.047,26.340,
ERA5 (Open-Meteo),Mumbai,IN,IV,2008,27.461,27.441,27.199,27.694,26.687,25.567,
ERA5 (Open-Meteo),Mumbai,IN,IV,2009,27.875,27.873,27.658,28.104,27.139,26.616,
ERA5 (Open-Meteo),Mumbai,IN,IV,2010,27.770,27.764,27.556,27.984,27.075,27.519,
ERA5 (Open-Meteo),Mumbai,IN,IV,2011,27.561,27.551,27.319,27.797,26.816,26.015,
ERA5 (Open-Meteo),Mumbai,IN,IV,2012,27.194,27.175,26.939,27.420,26.384,25.393,
ERA5 (Open-Meteo),Mumbai,IN,IV,2013,27.246,27.234,27.013,27.469,26.531,25.950,
ERA5 (Open-Meteo),Mumbai,IN,IV,2014,27.934,27.926,27.673,28.195,27.094,26.279,
ERA5 (Open-Meteo),Mumbai,IN,IV,2015,28.018,28.012,27.791,28.245,27.217,27.055,
ERA5 (Open-Meteo),Mumbai,IN,IV,2016,27.614,27.610,27.382,27.850,26.810,26.795,
ERA5 (Open-Meteo),Mumbai,IN,IV,2017,27.733,27.729,27.519,27.949,26.949,27.081,
ERA5 (Open-Meteo),Mumbai,IN,IV,2018,27.888,27.884,27.673,28.108,27.152,26.892,
ERA5 (Open-Meteo),Mumbai,IN,IV,2019,27.725,27.715,27.511,27.928,26.964,27.274,
ERA5 (Open-Meteo),Mumbai,IN,IV,2020,27.935,27.930,27.728,28.143,27.186,27.711,
ERA5 (Open-Meteo),Mumbai,IN,IV,2021,27.946,27.946,27.761,28.146,27.242,27.656,
ERA5 (Open-Meteo),Mumbai,IN,IV,2022,27.757,27.749,27.522,27.988,26.948,26.914,
ERA5 (Open-Meteo),Mumbai,IN,IV,2023,28.247,28.243,28.020,28.481,27.484,27.123,
ERA5 (Open-Meteo),Mumbai,IN,IV,2024,28.188,28.186,27.974,28.412,27.446,27.556,
ERA5 (Open-Meteo),Mumbai,IN,IV,2025,27.861,27.858,27.661,28.067,27.144,26.838,
ERA5 (Open-Meteo),Chennai,IN,IV,1981,28.311,28.310,28.076,28.572,27.581,27.262,
ERA5 (Open-Meteo),Chennai,IN,IV,1982,28.771,28.771,28.566,28.998,27.956,27.342,
ERA5 (Open-Meteo),Chennai,IN,IV,1983,28.848,28.848,28.627,29.093,28.007,28.252,
ERA5 (Open-Meteo),Chennai,IN,IV,1984,28.545,28.545,28.324,28.793,27.734,27.948,
ERA5 (Open-Meteo),Chennai,IN,IV,1985,28.699,28.699,28.470,28.953,27.855,27.799,
ERA5 (Open-Meteo),Chennai,IN,IV,1986,28.906,28.906,28.674,29.164,28.035,27.984,
ERA5 (Open-Meteo),Chennai,IN,IV,1987,28.784,28.784,28.573,29.019,28.018,28.623,
ERA5 (Open-Meteo),Chennai,IN,IV,1988,28.716,28.716,28.505,28.951,27.978,28.592,
ERA5 (Open-Meteo),Chennai,IN,IV,1989,28.331,28.331,28.101,28.584,27.499,27.714,
ERA5 (Open-Meteo),Chennai,IN,IV,1990,28.595,28.595,28.401,28.807,27.853,28.352,
ERA5 (Open-Meteo),Chennai,IN,IV,1991,28.654,28.654,28.466,28.861,27.894,28.437,
ERA5 (Open-Meteo),Chennai,IN,IV,1992,28.553,28.553,28.325,28.803,27.708,27.372,
ERA5 (Open-Meteo),Chennai,IN,IV,1993,28.622,28.622,28.408,28.857,27.816,27.923,
ERA5 (Open-Meteo),Chennai,IN,IV,1994,28.708,28.708,28.480,28.959,27.869,27.832,
ERA5 (Open-Meteo),Chennai,IN,IV,1995,28.417,28.417,28.227,28.628,27.774,28.631,
ERA5 (Open-Meteo),Chennai,IN,IV,1996,28.434,28.434,28.230,28.662,27.673,28.129,
ERA5 (Open-Meteo),Chennai,IN,IV,1997,28.751,28.751,28.542,28.983,27.944,28.522,
ERA5 (Open-Meteo),Chennai,IN,IV,1998,29.127,29.127,28.932,29.348,28.424,29.222,
ERA5 (Open-Meteo),Chennai,IN,IV,1999,28.823,28.823,28.613,29.054,28.020,27.783,
ERA5 (Open-Meteo),Chennai,IN,IV,2000,28.622,28.622,28.423,28.844,27.864,28.026,
ERA5 (Open-Meteo),Chennai,IN,IV,2001,29.062,29.062,28.835,29.314,28.192,28.060,
ERA5 (Open-Meteo),Chennai,IN,IV,2002,28.974,28.974,28.743,29.226,28.115,28.337,
ERA5 (Open-Meteo),Chennai,IN,IV,2003,28.937,28.937,28.731,29.168,28.175,28.460,
ERA5 (Open-Meteo),Chennai,IN,IV,2004,28.581,28.581,28.382,28.800,27.835,27.709,
ERA5 (Open-Meteo),Chennai,IN,IV,2005,28.763,28.763,28.562,28.985,28.010,28.514,
ERA5 (Open-Meteo),Chennai,IN,IV,2006,28.795,28.795,28.591,29.019,28.004,28.071,
ERA5 (Open-Meteo),Chennai,IN,IV,2007,28.472,28.472,28.276,28.692,27.719,28.443,
ERA5 (Open-Meteo),Chennai,IN,IV,2008,28.649,28.649,28.443,28.880,27.853,28.273,
ERA5 (Open-Meteo),Chennai,IN,IV,2009,29.263,29.263,29.037,29.512,28.345,28.245,
ERA5 (Open-Meteo),Chennai,IN,IV,2010,28.911,28.911,28.731,29.110,28.087,29.638,
ERA5 (Open-Meteo),Chennai,IN,IV,2011,28.968,28.968,28.760,29.199,28.043,28.234,
ERA5 (Open-Meteo),Chennai,IN,IV,2012,29.319,29.319,29.089,29.571,28.295,28.215,
ERA5 (Open-Meteo),Chennai,IN,IV,2013,29.088,29.088,28.876,29.323,28.131,28.093,
ERA5 (Open-Meteo),Chennai,IN,IV,2014,29.306,29.306,29.075,29.564,28.353,28.204,
ERA5 (Open-Meteo),Chennai,IN,IV,2015,29.181,29.181,28.994,29.389,28.427,29.271,
ERA5 (Open-Meteo),Chennai,IN,IV,2016,29.227,29.227,29.062,29.406,28.537,29.184,
ERA5 (Open-Meteo),Chennai,IN,IV,2017,29.272,29.272,29.085,29.479,28.553,29.683,
ERA5 (Open-Meteo),Chennai,IN,IV,2018,29.083,29.083,28.903,29.279,28.345,29.086,
ERA5 (Open-Meteo),Chennai,IN,IV,2019,29.316,29.316,29.130,29.522,28.566,30.209,
ERA5 (Open-Meteo),Chennai,IN,IV,2020,29.050,29.050,28.894,29.224,28.429,30.160,
ERA5 (Open-Meteo),Chennai,IN,IV,2021,28.988,28.988,28.834,29.159,28.335,29.774,
ERA5 (Open-Meteo),Chennai,IN,IV,2022,28.926,28.926,28.779,29.089,28.330,29.782,
ERA5 (Open-Meteo),Chennai,IN,IV,2023,29.241,29.241,29.070,29.431,28.535,30.069,
ERA5 (Open-Meteo),Chennai,IN,IV,2024,29.477,29.477,29.335,29.636,28.843,30.770,
ERA5 (Open-Meteo),Chennai,IN,IV,2025,29.287,29.287,29.120,29.472,28.553,29.557,
ERA5 (Open-Meteo),Yangon,MM,IV,1981,28.545,28.535,28.176,28.934,27.099,27.129,
ERA5 (Open-Meteo),Yangon,MM,IV,1982,28.444,28.427,28.058,28.830,26.904,26.855,
ERA5 (Open-Meteo),Yangon,MM,IV,1983,28.713,28.694,28.282,29.148,27.076,27.013,
ERA5 (Open-Meteo),Yangon,MM,IV,1984,28.559,28.552,28.234,28.903,27.112,27.272,
ERA5 (Open-Meteo),Yangon,MM,IV,1985,28.530,28.520,28.160,28.920,27.063,26.994,
ERA5 (Open-Meteo),Yangon,MM,IV,1986,28.767,28.760,28.405,29.152,27.238,27.182,
ERA5 (Open-Meteo),Yangon,MM,IV,1987,29.177,29.172,28.808,29.575,27.670,27.486,
ERA5 (Open-Meteo),Yangon,MM,IV,1988,28.807,28.803,28.445,29.201,27.311,27.601,
ERA5 (Open-Meteo),Yangon,MM,IV,1989,28.537,28.512,28.140,28.914,26.939,26.818,
ERA5 (Open-Meteo),Yangon,MM,IV,1990,28.800,28.792,28.450,29.168,27.358,27.298,
ERA5 (Open-Meteo),Yangon,MM,IV,1991,29.291,29.284,28.882,29.727,27.640,27.246,
ERA5 (Open-Meteo),Yangon,MM,IV,1992,28.602,28.580,28.156,29.045,26.915,26.447,
ERA5 (Open-Meteo),Yangon,MM,IV,1993,28.950,28.931,28.548,29.344,27.391,27.002,
ERA5 (Open-Meteo),Yangon,MM,IV,1994,28.701,28.696,28.374,29.049,27.364,27.159,
ERA5 (Open-Meteo),Yangon,MM,IV,1995,29.117,29.104,28.708,29.541,27.584,27.587,
ERA5 (Open-Meteo),Yangon,MM,IV,1996,28.858,28.844,28.506,29.212,27.418,27.840,
ERA5 (Open-Meteo),Yangon,MM,IV,1997,29.176,29.153,28.750,29.586,27.455,27.031,
ERA5 (Open-Meteo),Yangon,MM,IV,1998,29.932,29.924,29.489,30.410,28.236,27.631,
ERA5 (Open-Meteo),Yangon,MM,IV,1999,28.810,28.799,28.501,29.129,27.498,28.091,
ERA5 (Open-Meteo),Yangon,MM,IV,2000,28.683,28.676,28.366,29.014,27.285,27.512,
ERA5 (Open-Meteo),Yangon,MM,IV,2001,28.972,28.962,28.623,29.341,27.452,27.956,
ERA5 (Open-Meteo),Yangon,MM,IV,2002,29.245,29.240,28.883,29.637,27.635,28.101,
ERA5 (Open-Meteo),Yangon,MM,IV,2003,29.092,29.088,28.737,29.472,27.554,28.164,
ERA5 (Open-Meteo),Yangon,MM,IV,2004,29.168,29.160,28.769,29.594,27.561,27.281,
ERA5 (Open-Meteo),Yangon,MM,IV,2005,29.543,29.541,29.166,29.960,28.012,28.251,
ERA5 (Open-Meteo),Yangon,MM,IV,2006,29.050,29.042,28.703,29.413,27.516,28.135,
ERA5 (Open-Meteo),Yangon,MM,IV,2007,29.076,29.062,28.674,29.486,27.439,27.322,
ERA5 (Open-Meteo),Yangon,MM,IV,2008,28.750,28.744,28.419,29.099,27.278,28.026,
ERA5 (Open-Meteo),Yangon,MM,IV,2009,29.027,29.022,28.699,29.373,27.524,28.590,
ERA5 (Open-Meteo),Yangon,MM,IV,2010,29.865,29.861,29.463,30.306,28.253,28.721,
ERA5 (Open-Meteo),Yangon,MM,IV,2011,28.663,28.654,28.358,28.970,27.284,28.214,
ERA5 (Open-Meteo),Yangon,MM,IV,2012,29.347,29.335,28.955,29.753,27.720,28.465,
ERA5 (Open-Meteo),Yangon,MM,IV,2013,29.193,29.177,28.804,29.589,27.633,28.929,
ERA5 (Open-Meteo),Yangon,MM,IV,2014,29.212,29.204,28.840,29.599,27.690,28.894,
ERA5 (Open-Meteo),Yangon,MM,IV,2015,29.472,29.469,29.120,29.855,28.021,28.716,
ERA5 (Open-Meteo),Yangon,MM,IV,2016,29.609,29.598,29.210,30.035,28.072,28.880,
ERA5 (Open-Meteo),Yangon,MM,IV,2017,29.283,29.281,28.975,29.618,28.025,28.889,
ERA5 (Open-Meteo),Yangon,MM,IV,2018,29.234,29.228,28.908,29.581,27.886,28.832,
ERA5 (Open-Meteo),Yangon,MM,IV,2019,29.756,29.752,29.351,30.193,28.150,28.579,
ERA5 (Open-Meteo),Yangon,MM,IV,2020,29.663,29.657,29.275,30.076,28.165,28.471,
ERA5 (Open-Meteo),Yangon,MM,IV,2021,29.295,29.290,28.969,29.639,27.996,29.233,
ERA5 (Open-Meteo),Yangon,MM,IV,2022,29.219,29.211,28.905,29.547,27.978,29.483,
ERA5 (Open-Meteo),Yangon,MM,IV,2023,29.692,29.688,29.354,30.057,28.352,29.864,
ERA5 (Open-Meteo),Yangon,MM,IV,2024,29.872,29.869,29.481,30.305,28.450,29.835,
ERA5 (Open-Meteo),Yangon,MM,IV,2025,29.067,29.064,28.760,29.397,27.824,29.577,
ERA5 (Open-Meteo),Colombo,LK,IV,1981,27.562,27.561,27.406,27.734,26.873,28.551,
ERA5 (Open-Meteo),Colombo,LK,IV,1982,27.688,27.688,27.530,27.866,26.963,28.531,
ERA5 (Open-Meteo),Colombo,LK,IV,1983,28.280,28.280,28.100,28.482,27.522,29.131,
ERA5 (Open-Meteo),Colombo,LK,IV,1984,27.052,27.052,26.937,27.178,26.404,28.925,
ERA5 (Open-Meteo),Colombo,LK,IV,1985,27.306,27.306,27.168,27.460,26.677,28.950,
ERA5 (Open-Meteo),Colombo,LK,IV,1986,27.435,27.435,27.306,27.579,26.799,29.022,
ERA5 (Open-Meteo),Colombo,LK,IV,1987,28.137,28.137,27.980,28.315,27.407,29.061,
ERA5 (Open-Meteo),Colombo,LK,IV,1988,27.785,27.785,27.630,27.958,27.136,28.832,
ERA5 (Open-Meteo),Colombo,LK,IV,1989,27.612,27.612,27.449,27.796,26.916,28.062,
ERA5 (Open-Meteo),Colombo,LK,IV,1990,27.692,27.692,27.549,27.851,27.021,29.127,
ERA5 (Open-Meteo),Colombo,LK,IV,1991,27.681,27.681,27.530,27.849,27.000,28.875,
ERA5 (Open-Meteo),Colombo,LK,IV,1992,27.752,27.752,27.578,27.950,27.008,28.018,
ERA5 (Open-Meteo),Colombo,LK,IV,1993,27.526,27.526,27.376,27.694,26.867,28.729,
ERA5 (Open-Meteo),Colombo,LK,IV,1994,27.354,27.354,27.227,27.495,26.747,29.240,
ERA5 (Open-Meteo),Colombo,LK,IV,1995,27.733,27.733,27.583,27.902,27.159,28.915,
ERA5 (Open-Meteo),Colombo,LK,IV,1996,27.493,27.493,27.341,27.664,26.898,28.662,
ERA5 (Open-Meteo),Colombo,LK,IV,1997,27.908,27.908,27.741,28.096,27.214,28.832,
ERA5 (Open-Meteo),Colombo,LK,IV,1998,28.497,28.497,28.303,28.723,27.779,29.645,
ERA5 (Open-Meteo),Colombo,LK,IV,1999,27.102,27.102,26.975,27.244,26.538,28.818,
ERA5 (Open-Meteo),Colombo,LK,IV,2000,27.140,27.140,27.021,27.272,26.557,28.971,
ERA5 (Open-Meteo),Colombo,LK,IV,2001,27.462,27.461,27.324,27.614,26.927,29.083,
ERA5 (Open-Meteo),Colombo,LK,IV,2002,27.779,27.779,27.621,27.956,27.158,29.164,
ERA5 (Open-Meteo),Colombo,LK,IV,2003,27.703,27.703,27.564,27.856,27.137,29.504,
ERA5 (Open-Meteo),Colombo,LK,IV,2004,28.034,28.034,27.866,28.225,27.357,29.252,
ERA5 (Open-Meteo),Colombo,LK,IV,2005,27.900,27.900,27.751,28.066,27.301,29.675,
ERA5 (Open-Meteo),Colombo,LK,IV,2006,27.752,27.751,27.609,27.908,27.167,29.584,
ERA5 (Open-Meteo),Colombo,LK,IV,2007,27.989,27.989,27.821,28.177,27.399,29.215,
ERA5 (Open-Meteo),Colombo,LK,IV,2008,27.482,27.482,27.351,27.624,27.028,29.574,
ERA5 (Open-Meteo),Colombo,LK,IV,2009,27.997,27.997,27.854,28.156,27.449,29.567,
ERA5 (Open-Meteo),Colombo,LK,IV,2010,28.199,28.199,28.041,28.380,27.428,29.997,
ERA5 (Open-Meteo),Colombo,LK,IV,2011,27.801,27.801,27.668,27.946,27.116,29.902,
ERA5 (Open-Meteo),Colombo,LK,IV,2012,27.951,27.951,27.815,28.101,27.275,29.676,
ERA5 (Open-Meteo),Colombo,LK,IV,2013,27.864,27.864,27.724,28.021,27.182,29.770,
ERA5 (Open-Meteo),Colombo,LK,IV,2014,28.347,28.347,28.171,28.550,27.484,29.616,
ERA5 (Open-Meteo),Colombo,LK,IV,2015,28.421,28.421,28.276,28.581,27.605,30.210,
ERA5 (Open-Meteo),Colombo,LK,IV,2016,28.954,28.954,28.776,29.157,28.086,29.932,
ERA5 (Open-Meteo),Colombo,LK,IV,2017,28.146,28.146,28.002,28.304,27.459,29.725,
ERA5 (Open-Meteo),Colombo,LK,IV,2018,28.096,28.096,27.935,28.277,27.338,29.201,
ERA5 (Open-Meteo),Colombo,LK,IV,2019,28.619,28.619,28.441,28.821,27.790,29.854,
ERA5 (Open-Meteo),Colombo,LK,IV,2020,28.882,28.882,28.692,29.100,28.036,29.859,
ERA5 (Open-Meteo),Colombo,LK,IV,2021,28.201,28.201,28.054,28.366,27.472,30.198,
ERA5 (Open-Meteo),Colombo,LK,IV,2022,28.223,28.223,28.069,28.397,27.508,29.771,
ERA5 (Open-Meteo),Colombo,LK,IV,2023,28.519,28.519,28.366,28.689,27.696,30.655,
ERA5 (Open-Meteo),Colombo,LK,IV,2024,28.924,28.924,28.739,29.136,28.073,30.883,
ERA5 (Open-Meteo),Colombo,LK,IV,2025,28.394,28.394,28.237,28.569,27.631,30.304,
ERA5 (Open-Meteo),Dubai,AE,IV,1981,30.827,30.737,29.557,31.933,27.577,19.490,
ERA5 (Open-Meteo),Dubai,AE,IV,1982,30.090,29.953,28.684,31.225,26.576,20.785,
ERA5 (Open-Meteo),Dubai,AE,IV,1983,30.197,30.037,28.722,31.326,26.536,20.904,
ERA5 (Open-Meteo),Dubai,AE,IV,1984,30.273,30.152,28.992,31.317,27.148,19.250,
ERA5 (Open-Meteo),Dubai,AE,IV,1985,30.860,30.771,29.586,31.974,27.779,19.840,
ERA5 (Open-Meteo),Dubai,AE,IV,1986,31.048,30.942,29.702,32.170,27.736,19.866,
ERA5 (Open-Meteo),Dubai,AE,IV,1987,30.966,30.863,29.651,32.068,27.646,19.885,
ERA5 (Open-Meteo),Dubai,AE,IV,1988,31.029,30.942,29.750,32.130,27.805,21.129,
ERA5 (Open-Meteo),Dubai,AE,IV,1989,30.848,30.724,29.389,32.051,27.267,19.962,
ERA5 (Open-Meteo),Dubai,AE,IV,1990,30.967,30.873,29.650,32.094,27.605,21.156,
ERA5 (Open-Meteo),Dubai,AE,IV,1991,29.866,29.760,28.673,30.873,26.909,20.385,
ERA5 (Open-Meteo),Dubai,AE,IV,1992,29.794,29.628,28.376,30.867,26.395,19.171,
ERA5 (Open-Meteo),Dubai,AE,IV,1993,30.587,30.485,29.314,31.659,27.421,20.402,
ERA5 (Open-Meteo),Dubai,AE,IV,1994,30.786,30.687,29.566,31.797,27.689,20.389,
ERA5 (Open-Meteo),Dubai,AE,IV,1995,30.288,30.197,29.077,31.335,27.308,20.975,
ERA5 (Open-Meteo),Dubai,AE,IV,1996,31.153,31.060,29.807,32.312,27.759,20.558,
ERA5 (Open-Meteo),Dubai,AE,IV,1997,30.496,30.394,29.210,31.572,27.264,21.901,
ERA5 (Open-Meteo),Dubai,AE,IV,1998,32.248,32.181,30.918,33.418,28.775,21.136,
ERA5 (Open-Meteo),Dubai,AE,IV,1999,31.886,31.825,30.638,33.015,28.748,20.160,
ERA5 (Open-Meteo),Dubai,AE,IV,2000,31.347,31.268,30.092,32.444,28.141,20.006,
ERA5 (Open-Meteo),Dubai,AE,IV,2001,31.485,31.407,30.229,32.582,28.312,20.442,
ERA5 (Open-Meteo),Dubai,AE,IV,2002,31.582,31.521,30.405,32.637,28.583,20.954,
ERA5 (Open-Meteo),Dubai,AE,IV,2003,31.745,31.678,30.565,32.783,28.699,20.596,
ERA5 (Open-Meteo),Dubai,AE,IV,2004,31.488,31.428,30.328,32.532,28.551,20.589,
ERA5 (Open-Meteo),Dubai,AE,IV,2005,31.551,31.491,30.375,32.609,28.519,21.198,
ERA5 (Open-Meteo),Dubai,AE,IV,2006,31.811,31.743,30.556,32.915,28.561,20.897,
ERA5 (Open-Meteo),Dubai,AE,IV,2007,31.967,31.897,30.736,33.026,28.756,20.872,
ERA5 (Open-Meteo),Dubai,AE,IV,2008,31.678,31.583,30.365,32.766,28.187,20.178,
ERA5 (Open-Meteo),Dubai,AE,IV,2009,31.753,31.696,30.590,32.793,28.642,21.053,
ERA5 (Open-Meteo),Dubai,AE,IV,2010,32.377,32.324,31.185,33.452,29.271,20.374,
ERA5 (Open-Meteo),Dubai,AE,IV,2011,32.051,32.006,30.897,33.110,28.984,20.627,
ERA5 (Open-Meteo),Dubai,AE,IV,2012,32.267,32.216,31.045,33.385,29.069,19.703,
ERA5 (Open-Meteo),Dubai,AE,IV,2013,31.481,31.427,30.376,32.488,28.572,20.916,
ERA5 (Open-Meteo),Dubai,AE,IV,2014,31.583,31.520,30.441,32.585,28.617,20.736,
ERA5 (Open-Meteo),Dubai,AE,IV,2015,32.296,32.243,31.118,33.358,29.375,19.745,
ERA5 (Open-Meteo),Dubai,AE,IV,2016,31.857,31.809,30.691,32.940,28.987,21.005,
ERA5 (Open-Meteo),Dubai,AE,IV,2017,32.535,32.489,31.305,33.668,29.455,20.401,
ERA5 (Open-Meteo),Dubai,AE,IV,2018,32.277,32.224,31.128,33.307,29.401,20.238,
ERA5 (Open-Meteo),Dubai,AE,IV,2019,32.142,32.092,30.954,33.217,29.186,20.523,
ERA5 (Open-Meteo),Dubai,AE,IV,2020,32.337,32.286,31.137,33.410,29.234,20.278,
ERA5 (Open-Meteo),Dubai,AE,IV,2021,32.579,32.536,31.444,33.613,29.630,21.311,
ERA5 (Open-Meteo),Dubai,AE,IV,2022,32.261,32.228,31.216,33.233,29.503,21.387,
ERA5 (Open-Meteo),Dubai,AE,IV,2023,32.221,32.194,31.160,33.232,29.476,21.986,
ERA5 (Open-Meteo),Dubai,AE,IV,2024,32.209,32.178,31.112,33.250,29.443,22.797,
ERA5 (Open-Meteo),Dubai,AE,IV,2025,32.432,32.388,31.291,33.474,29.518,20.541,
ERA5 (Open-Meteo),Tokyo,JP,II,1981,21.258,18.073,16.558,19.466,13.899,13.446,
ERA5 (Open-Meteo),Tokyo,JP,II,1982,21.117,18.331,17.145,19.430,14.934,14.038,
ERA5 (Open-Meteo),Tokyo,JP,II,1983,21.396,18.513,17.114,19.835,14.602,13.910,
ERA5 (Open-Meteo),Tokyo,JP,II,1984,21.868,18.844,17.033,20.462,13.735,13.575,
ERA5 (Open-Meteo),Tokyo,JP,II,1985,21.733,18.945,17.426,20.349,14.750,14.130,
ERA5 (Open-Meteo),Tokyo,JP,II,1986,21.299,18.225,16.779,19.556,14.123,13.626,
ERA5 (Open-Meteo),Tokyo,JP,II,1987,21.848,19.264,17.806,20.607,15.150,14.301,
ERA5 (Open-Meteo),Tokyo,JP,II,1988,21.072,18.026,16.735,19.226,14.431,13.590,
ERA5 (Open-Meteo),Tokyo,JP,II,1989,21.412,18.699,17.466,19.882,15.342,14.234,
ERA5 (Open-Meteo),Tokyo,JP,II,1990,22.432,20.248,18.773,21.635,16.097,14.726,
ERA5 (Open-Meteo),Tokyo,JP,II,1991,21.774,19.246,17.885,20.530,15.472,14.623,
ERA5 (Open-Meteo),Tokyo,JP,II,1992,21.517,18.749,17.362,20.119,15.120,13.727,
ERA5 (Open-Meteo),Tokyo,JP,II,1993,20.840,17.794,16.644,18.888,14.626,13.495,
ERA5 (Open-Meteo),Tokyo,JP,II,1994,22.600,20.333,18.689,21.846,15.788,14.873,
ERA5 (Open-Meteo),Tokyo,JP,II,1995,22.238,19.759,18.124,21.337,15.396,13.941,
ERA5 (Open-Meteo),Tokyo,JP,II,1996,21.517,18.645,17.209,20.004,14.731,13.568,
ERA5 (Open-Meteo),Tokyo,JP,II,1997,21.729,19.171,17.825,20.461,15.528,14.323,
ERA5 (Open-Meteo),Tokyo,JP,II,1998,21.906,19.527,18.175,20.739,15.659,15.613,
ERA5 (Open-Meteo),Tokyo,JP,II,1999,22.294,19.970,18.529,21.291,15.946,15.074,
ERA5 (Open-Meteo),Tokyo,JP,II,2000,22.251,19.833,18.342,21.214,15.722,14.736,
ERA5 (Open-Meteo),Tokyo,JP,II,2001,22.185,19.724,18.163,21.172,15.336,14.107,
ERA5 (Open-Meteo),Tokyo,JP,II,2002,22.137,19.665,18.174,21.092,15.575,14.309,
ERA5 (Open-Meteo),Tokyo,JP,II,2003,21.324,18.592,17.325,19.785,15.010,14.198,
ERA5 (Open-Meteo),Tokyo,JP,II,2004,22.548,20.395,18.919,21.792,16.354,14.699,
ERA5 (Open-Meteo),Tokyo,JP,II,2005,21.983,19.398,17.898,20.764,15.176,14.200,
ERA5 (Open-Meteo),Tokyo,JP,II,2006,21.633,19.062,17.748,20.293,15.423,14.554,
ERA5 (Open-Meteo),Tokyo,JP,II,2007,22.039,19.633,18.235,20.989,15.906,14.538,
ERA5 (Open-Meteo),Tokyo,JP,II,2008,21.952,19.442,18.000,20.815,15.526,14.403,
ERA5 (Open-Meteo),Tokyo,JP,II,2009,21.473,18.958,17.767,20.070,15.638,14.317,
ERA5 (Open-Meteo),Tokyo,JP,II,2010,22.647,20.300,18.662,21.820,15.863,15.023,
ERA5 (Open-Meteo),Tokyo,JP,II,2011,22.274,19.802,18.208,21.270,15.443,14.427,
ERA5 (Open-Meteo),Tokyo,JP,II,2012,22.252,19.673,18.012,21.193,15.150,14.232,
ERA5 (Open-Meteo),Tokyo,JP,II,2013,22.494,20.186,18.614,21.636,15.873,14.509,
ERA5 (Open-Meteo),Tokyo,JP,II,2014,21.975,19.498,18.032,20.862,15.477,14.135,
ERA5 (Open-Meteo),Tokyo,JP,II,2015,22.023,19.720,18.350,21.030,15.986,14.796,
ERA5 (Open-Meteo),Tokyo,JP,II,2016,22.103,19.797,18.453,21.038,16.089,14.960,
ERA5 (Open-Meteo),Tokyo,JP,II,2017,22.155,19.677,18.180,21.060,15.562,14.272,
ERA5 (Open-Meteo),Tokyo,JP,II,2018,22.768,20.744,19.217,22.168,16.519,15.550,
ERA5 (Open-Meteo),Tokyo,JP,II,2019,22.340,20.127,18.711,21.456,16.231,15.092,
ERA5 (Open-Meteo),Tokyo,JP,II,2020,22.444,20.190,18.707,21.608,16.242,15.490,
ERA5 (Open-Meteo),Tokyo,JP,II,2021,22.034,19.809,18.506,21.034,16.201,15.062,
ERA5 (Open-Meteo),Tokyo,JP,II,2022,22.603,20.359,18.798,21.795,16.019,15.423,
ERA5 (Open-Meteo),Tokyo,JP,II,2023,23.408,21.616,20.044,23.080,17.296,15.990,
ERA5 (Open-Meteo),Tokyo,JP,II,2024,23.520,21.707,20.076,23.195,17.167,16.420,
ERA5 (Open-Meteo),Tokyo,JP,II,2025,23.605,21.669,19.878,23.308,16.723,15.510,
ERA5 (Open-Meteo),Athens,GR,II,1981,22.826,21.125,19.853,22.387,18.003,12.582,
ERA5 (Open-Meteo),Athens,GR,II,1982,22.917,21.048,19.608,22.516,17.537,12.933,
ERA5 (Open-Meteo),Athens,GR,II,1983,22.471,20.529,19.227,21.822,17.288,12.554,
ERA5 (Open-Meteo),Athens,GR,II,1984,22.573,20.692,19.424,22.004,17.655,12.658,
ERA5 (Open-Meteo),Athens,GR,II,1985,22.916,21.188,19.858,22.545,17.968,12.928,
ERA5 (Open-Meteo),Athens,GR,II,1986,23.021,21.289,19.930,22.656,18.058,12.327,
ERA5 (Open-Meteo),Athens,GR,II,1987,23.279,21.511,19.916,23.160,17.661,12.676,
ERA5 (Open-Meteo),Athens,GR,II,1988,23.547,21.817,20.234,23.399,17.966,12.541,
ERA5 (Open-Meteo),Athens,GR,II,1989,22.585,20.773,19.504,22.052,17.588,12.186,
ERA5 (Open-Meteo),Athens,GR,II,1990,23.022,21.410,20.094,22.741,18.272,12.091,
ERA5 (Open-Meteo),Athens,GR,II,1991,22.660,20.710,19.311,22.110,17.200,12.817,
ERA5 (Open-Meteo),Athens,GR,II,1992,22.705,20.776,19.369,22.149,17.241,12.207,
ERA5 (Open-Meteo),Athens,GR,II,1993,23.174,21.448,19.999,22.882,17.877,12.498,
ERA5 (Open-Meteo),Athens,GR,II,1994,23.514,21.983,20.571,23.390,18.544,13.404,
ERA5 (Open-Meteo),Athens,GR,II,1995,22.916,21.177,19.873,22.484,18.038,12.869,
ERA5 (Open-Meteo),Athens,GR,II,1996,22.911,21.073,19.664,22.502,17.666,12.778,
ERA5 (Open-Meteo),Athens,GR,II,1997,22.814,20.865,19.426,22.331,17.424,12.677,
ERA5 (Open-Meteo),Athens,GR,II,1998,23.512,21.888,20.392,23.385,18.172,13.234,
ERA5 (Open-Meteo),Athens,GR,II,1999,23.713,22.255,20.849,23.653,18.767,13.648,
ERA5 (Open-Meteo),Athens,GR,II,2000,23.342,21.701,20.194,23.236,18.055,12.211,
ERA5 (Open-Meteo),Athens,GR,II,2001,23.740,22.245,20.779,23.685,18.657,12.580,
ERA5 (Open-Meteo),Athens,GR,II,2002,22.928,21.203,19.840,22.591,17.865,13.759,
ERA5 (Open-Meteo),Athens,GR,II,2003,23.667,21.996,20.419,23.531,18.079,12.971,
ERA5 (Open-Meteo),Athens,GR,II,2004,23.129,21.534,20.205,22.845,18.152,13.165,
ERA5 (Open-Meteo),Athens,GR,II,2005,23.135,21.469,20.096,22.829,18.062,13.016,
ERA5 (Open-Meteo),Athens,GR,II,2006,23.378,21.710,20.219,23.182,17.945,12.968,
ERA5 (Open-Meteo),Athens,GR,II,2007,24.157,22.779,21.184,24.425,18.949,12.719,
ERA5 (Open-Meteo),Athens,GR,II,2008,23.713,22.310,20.899,23.728,18.843,12.993,
ERA5 (Open-Meteo),Athens,GR,II,2009,23.361,21.908,20.623,23.209,18.762,13.386,
ERA5 (Open-Meteo),Athens,GR,II,2010,23.934,22.739,21.412,24.094,19.528,14.143,
ERA5 (Open-Meteo),Athens,GR,II,2011,23.288,21.532,20.034,23.033,17.870,12.624,
ERA5 (Open-Meteo),Athens,GR,II,2012,24.229,22.837,21.232,24.401,18.855,12.835,
ERA5 (Open-Meteo),Athens,GR,II,2013,23.494,22.085,20.798,23.369,18.952,12.704,
ERA5 (Open-Meteo),Athens,GR,II,2014,23.414,21.995,20.684,23.367,18.901,13.615,
ERA5 (Open-Meteo),Athens,GR,II,2015,23.097,21.476,20.143,22.810,18.173,13.017,
ERA5 (Open-Meteo),Athens,GR,II,2016,23.391,21.962,20.675,23.242,18.801,12.833,
ERA5 (Open-Meteo),Athens,GR,II,2017,23.505,21.968,20.498,23.463,18.438,12.286,
ERA5 (Open-Meteo),Athens,GR,II,2018,23.254,21.892,20.740,23.048,19.067,13.834,
ERA5 (Open-Meteo),Athens,GR,II,2019,23.381,21.919,20.642,23.188,18.770,13.680,
ERA5 (Open-Meteo),Athens,GR,II,2020,23.403,21.902,20.578,23.234,18.679,13.225,
ERA5 (Open-Meteo),Athens,GR,II,2021,23.753,22.348,20.871,23.881,18.871,13.036,
ERA5 (Open-Meteo),Athens,GR,II,2022,23.525,22.054,20.721,23.348,18.653,12.869,
ERA5 (Open-Meteo),Athens,GR,II,2023,23.715,22.493,21.203,23.842,19.339,13.861,
ERA5 (Open-Meteo),Athens,GR,II,2024,24.740,23.798,22.519,25.078,20.542,14.039,
ERA5 (Open-Meteo),Athens,GR,II,2025,24.038,22.954,21.735,24.197,19.865,13.942,
ERA5 (Open-Meteo),Nagpur,IN,IV,1981,29.239,29.111,28.091,30.215,26.777,18.239,
ERA5 (Open-Meteo),Nagpur,IN,IV,1982,28.794,28.724,27.969,29.544,26.761,19.693,
ERA5 (Open-Meteo),Nagpur,IN,IV,1983,29.275,29.140,28.148,30.206,26.693,17.983,
ERA5 (Open-Meteo),Nagpur,IN,IV,1984,29.374,29.256,28.230,30.382,26.753,17.519,
ERA5 (Open-Meteo),Nagpur,IN,IV,1985,29.037,28.919,27.963,29.958,26.585,18.431,
ERA5 (Open-Meteo),Nagpur,IN,IV,1986,29.069,28.970,28.061,29.964,26.674,18.953,
ERA5 (Open-Meteo),Nagpur,IN,IV,1987,29.036,28.922,28.075,29.816,26.747,19.486,
ERA5 (Open-Meteo),Nagpur,IN,IV,1988,29.710,29.613,28.603,30.733,27.117,19.181,
ERA5 (Open-Meteo),Nagpur,IN,IV,1989,29.099,28.980,28.038,30.017,26.640,18.215,
ERA5 (Open-Meteo),Nagpur,IN,IV,1990,27.942,27.846,27.170,28.600,26.056,20.415,
ERA5 (Open-Meteo),Nagpur,IN,IV,1991,29.461,29.358,28.427,30.365,27.036,18.555,
ERA5 (Open-Meteo),Nagpur,IN,IV,1992,29.967,29.856,28.827,30.943,27.297,17.509,
ERA5 (Open-Meteo),Nagpur,IN,IV,1993,29.484,29.367,28.362,30.471,26.792,18.556,
ERA5 (Open-Meteo),Nagpur,IN,IV,1994,28.990,28.880,27.903,29.979,26.564,19.197,
ERA5 (Open-Meteo),Nagpur,IN,IV,1995,28.926,28.814,27.920,29.805,26.687,20.268,
ERA5 (Open-Meteo),Nagpur,IN,IV,1996,29.720,29.627,28.665,30.668,27.183,19.401,
ERA5 (Open-Meteo),Nagpur,IN,IV,1997,28.669,28.571,27.737,29.480,26.393,20.190,
ERA5 (Open-Meteo),Nagpur,IN,IV,1998,29.254,29.144,28.191,30.197,26.692,21.570,
ERA5 (Open-Meteo),Nagpur,IN,IV,1999,29.221,29.104,28.145,30.161,26.653,19.676,
ERA5 (Open-Meteo),Nagpur,IN,IV,2000,29.077,28.962,28.098,29.898,26.698,18.855,
ERA5 (Open-Meteo),Nagpur,IN,IV,2001,29.081,28.991,28.213,29.850,26.898,19.384,
ERA5 (Open-Meteo),Nagpur,IN,IV,2002,29.788,29.708,28.811,30.675,27.324,18.990,
ERA5 (Open-Meteo),Nagpur,IN,IV,2003,29.487,29.411,28.505,30.426,27.059,19.849,
ERA5 (Open-Meteo),Nagpur,IN,IV,2004,29.615,29.521,28.657,30.435,27.160,19.090,
ERA5 (Open-Meteo),Nagpur,IN,IV,2005,29.669,29.556,28.518,30.686,26.850,18.944,
ERA5 (Open-Meteo),Nagpur,IN,IV,2006,29.107,29.019,28.222,29.880,26.778,20.651,
ERA5 (Open-Meteo),Nagpur,IN,IV,2007,29.450,29.359,28.501,30.285,27.034,19.886,
ERA5 (Open-Meteo),Nagpur,IN,IV,2008,29.337,29.247,28.415,30.157,26.972,19.291,
ERA5 (Open-Meteo),Nagpur,IN,IV,2009,30.235,30.179,29.305,31.125,27.823,19.588,
ERA5 (Open-Meteo),Nagpur,IN,IV,2010,30.335,30.261,29.275,31.342,27.605,20.885,
ERA5 (Open-Meteo),Nagpur,IN,IV,2011,29.122,29.022,28.227,29.872,26.799,20.130,
ERA5 (Open-Meteo),Nagpur,IN,IV,2012,29.636,29.546,28.574,30.607,26.949,19.315,
ERA5 (Open-Meteo),Nagpur,IN,IV,2013,29.328,29.241,28.301,30.312,26.688,20.666,
ERA5 (Open-Meteo),Nagpur,IN,IV,2014,29.627,29.554,28.702,30.481,27.163,20.151,
ERA5 (Open-Meteo),Nagpur,IN,IV,2015,29.465,29.401,28.603,30.292,27.055,21.648,
ERA5 (Open-Meteo),Nagpur,IN,IV,2016,29.934,29.847,28.960,30.803,27.268,21.448,
ERA5 (Open-Meteo),Nagpur,IN,IV,2017,30.129,30.056,29.144,31.056,27.556,20.549,
ERA5 (Open-Meteo),Nagpur,IN,IV,2018,29.732,29.648,28.733,30.650,27.117,20.372,
ERA5 (Open-Meteo),Nagpur,IN,IV,2019,30.193,30.120,29.111,31.234,27.430,21.207,
ERA5 (Open-Meteo),Nagpur,IN,IV,2020,28.809,28.715,27.963,29.539,26.537,22.697,
ERA5 (Open-Meteo),Nagpur,IN,IV,2021,28.827,28.766,28.141,29.441,26.877,21.858,
ERA5 (Open-Meteo),Nagpur,IN,IV,2022,29.755,29.669,28.709,30.723,27.036,21.726,
ERA5 (Open-Meteo),Nagpur,IN,IV,2023,29.053,28.992,28.278,29.771,26.915,21.747,
ERA5 (Open-Meteo),Nagpur,IN,IV,2024,29.311,29.264,28.597,30.000,27.240,23.904,
ERA5 (Open-Meteo),Nagpur,IN,IV,2025,28.864,28.766,28.080,29.499,26.680,22.329,
ERA5 (Open-Meteo),Dhaka,BD,IV,1981,26.522,26.364,25.914,26.800,24.923,25.134,
ERA5 (Open-Meteo),Dhaka,BD,IV,1982,26.975,26.815,26.322,27.293,25.191,25.440,
ERA5 (Open-Meteo),Dhaka,BD,IV,1983,26.748,26.585,26.118,27.036,25.076,26.014,
ERA5 (Open-Meteo),Dhaka,BD,IV,1984,26.917,26.749,26.260,27.223,25.129,25.083,
ERA5 (Open-Meteo),Dhaka,BD,IV,1985,27.074,26.953,26.529,27.369,25.549,25.795,
ERA5 (Open-Meteo),Dhaka,BD,IV,1986,26.922,26.802,26.354,27.251,25.374,25.493,
ERA5 (Open-Meteo),Dhaka,BD,IV,1987,27.374,27.270,26.814,27.726,25.746,26.197,
ERA5 (Open-Meteo),Dhaka,BD,IV,1988,26.996,26.889,26.482,27.292,25.531,26.420,
ERA5 (Open-Meteo),Dhaka,BD,IV,1989,27.246,27.078,26.550,27.588,25.279,25.174,
ERA5 (Open-Meteo),Dhaka,BD,IV,1990,26.835,26.724,26.318,27.123,25.317,26.316,
ERA5 (Open-Meteo),Dhaka,BD,IV,1991,27.002,26.867,26.424,27.297,25.367,26.141,
ERA5 (Open-Meteo),Dhaka,BD,IV,1992,27.350,27.203,26.667,27.734,25.420,25.633,
ERA5 (Open-Meteo),Dhaka,BD,IV,1993,26.640,26.505,26.096,26.901,25.077,26.017,
ERA5 (Open-Meteo),Dhaka,BD,IV,1994,27.105,26.962,26.504,27.404,25.373,26.010,
ERA5 (Open-Meteo),Dhaka,BD,IV,1995,27.412,27.261,26.734,27.775,25.575,26.258,
ERA5 (Open-Meteo),Dhaka,BD,IV,1996,27.340,27.206,26.738,27.661,25.634,26.461,
ERA5 (Open-Meteo),Dhaka,BD,IV,1997,26.718,26.565,26.096,27.022,25.047,25.822,
ERA5 (Open-Meteo),Dhaka,BD,IV,1998,27.153,27.015,26.548,27.465,25.568,27.224,
ERA5 (Open-Meteo),Dhaka,BD,IV,1999,27.456,27.343,26.896,27.786,25.828,26.440,
ERA5 (Open-Meteo),Dhaka,BD,IV,2000,26.898,26.756,26.310,27.189,25.256,26.303,
ERA5 (Open-Meteo),Dhaka,BD,IV,2001,27.177,27.028,26.567,27.472,25.431,26.243,
ERA5 (Open-Meteo),Dhaka,BD,IV,2002,26.872,26.765,26.364,27.158,25.419,26.316,
ERA5 (Open-Meteo),Dhaka,BD,IV,2003,27.161,27.023,26.560,27.467,25.496,26.414,
ERA5 (Open-Meteo),Dhaka,BD,IV,2004,27.173,27.053,26.611,27.482,25.570,26.330,
ERA5 (Open-Meteo),Dhaka,BD,IV,2005,27.381,27.275,26.855,27.686,25.932,26.974,
ERA5 (Open-Meteo),Dhaka,BD,IV,2006,27.651,27.552,27.129,27.967,26.091,26.599,
ERA5 (Open-Meteo),Dhaka,BD,IV,2007,27.289,27.161,26.691,27.619,25.558,26.489,
ERA5 (Open-Meteo),Dhaka,BD,IV,2008,27.410,27.300,26.832,27.764,25.727,26.667,
ERA5 (Open-Meteo),Dhaka,BD,IV,2009,27.950,27.857,27.405,28.299,26.258,26.951,
ERA5 (Open-Meteo),Dhaka,BD,IV,2010,28.215,28.106,27.617,28.578,26.435,27.416,
ERA5 (Open-Meteo),Dhaka,BD,IV,2011,27.215,27.072,26.606,27.516,25.495,26.275,
ERA5 (Open-Meteo),Dhaka,BD,IV,2012,27.520,27.364,26.824,27.878,25.580,26.474,
ERA5 (Open-Meteo),Dhaka,BD,IV,2013,27.413,27.248,26.722,27.748,25.451,26.306,
ERA5 (Open-Meteo),Dhaka,BD,IV,2014,27.720,27.576,27.019,28.116,25.585,26.638,
ERA5 (Open-Meteo),Dhaka,BD,IV,2015,27.479,27.363,26.906,27.806,25.688,27.110,
ERA5 (Open-Meteo),Dhaka,BD,IV,2016,28.006,27.921,27.470,28.362,26.241,28.059,
ERA5 (Open-Meteo),Dhaka,BD,IV,2017,27.578,27.477,27.035,27.906,25.816,27.535,
ERA5 (Open-Meteo),Dhaka,BD,IV,2018,27.477,27.351,26.867,27.817,25.572,26.737,
ERA5 (Open-Meteo),Dhaka,BD,IV,2019,27.947,27.839,27.339,28.327,26.047,27.452,
ERA5 (Open-Meteo),Dhaka,BD,IV,2020,27.548,27.410,26.896,27.900,25.584,27.225,
ERA5 (Open-Meteo),Dhaka,BD,IV,2021,28.062,27.954,27.453,28.441,26.108,27.105,
ERA5 (Open-Meteo),Dhaka,BD,IV,2022,27.969,27.859,27.372,28.326,26.105,27.202,
ERA5 (Open-Meteo),Dhaka,BD,IV,2023,28.330,28.245,27.725,28.767,26.356,27.346,
ERA5 (Open-Meteo),Dhaka,BD,IV,2024,28.196,28.080,27.536,28.610,26.147,27.896,
ERA5 (Open-Meteo),Dhaka,BD,IV,2025,28.007,27.910,27.449,28.357,26.183,27.540,
NOAA GHCN-Daily USW00023183,Phoenix,US,II,1981,29.241,28.837,,,,,365
NOAA GHCN-Daily USW00023183,Phoenix,US,II,1982,28.275,27.707,,,,,365
NOAA GHCN-Daily USW00023183,Phoenix,US,II,1983,28.709,28.180,,,,,365
NOAA GHCN-Daily USW00023183,Phoenix,US,II,1984,28.374,27.836,,,,,366
NOAA GHCN-Daily USW00023183,Phoenix,US,II,1985,28.881,28.360,,,,,365
NOAA GHCN-Daily USW00023183,Phoenix,US,II,1986,28.837,28.430,,,,,365
NOAA GHCN-Daily USW00023183,Phoenix,US,II,1987,29.011,28.526,,,,,365
NOAA GHCN-Daily USW00023183,Phoenix,US,II,1988,29.543,29.106,,,,,366
NOAA GHCN-Daily USW00023183,Phoenix,US,II,1989,29.962,29.589,,,,,365
NOAA GHCN-Daily USW00023183,Phoenix,US,II,1990,29.056,28.590,,,,,365
NOAA GHCN-Daily USW00023183,Phoenix,US,II,1991,28.797,28.324,,,,,365
NOAA GHCN-Daily USW00023183,Phoenix,US,II,1992,28.932,28.471,,,,,366
NOAA GHCN-Daily USW00023183,Phoenix,US,II,1993,28.547,28.064,,,,,365
NOAA GHCN-Daily USW00023183,Phoenix,US,II,1994,28.647,28.092,,,,,365
NOAA GHCN-Daily USW00023183,Phoenix,US,II,1995,28.522,28.029,,,,,365
NOAA GHCN-Daily USW00023183,Phoenix,US,II,1996,28.886,28.424,,,,,366
NOAA GHCN-Daily USW00023183,Phoenix,US,II,1997,28.784,28.273,,,,,365
NOAA GHCN-Daily USW00023183,Phoenix,US,II,1998,28.048,27.404,,,,,365
NOAA GHCN-Daily USW00023183,Phoenix,US,II,1999,28.264,27.746,,,,,365
NOAA GHCN-Daily USW00023183,Phoenix,US,II,2000,28.952,28.458,,,,,366
NOAA GHCN-Daily USW00023183,Phoenix,US,II,2001,29.698,29.236,,,,,365
NOAA GHCN-Daily USW00023183,Phoenix,US,II,2002,29.511,29.101,,,,,365
NOAA GHCN-Daily USW00023183,Phoenix,US,II,2003,29.754,29.356,,,,,365
NOAA GHCN-Daily USW00023183,Phoenix,US,II,2004,28.886,28.411,,,,,366
NOAA GHCN-Daily USW00023183,Phoenix,US,II,2005,29.124,28.701,,,,,365
NOAA GHCN-Daily USW00023183,Phoenix,US,II,2006,29.181,28.741,,,,,365
NOAA GHCN-Daily USW00023183,Phoenix,US,II,2007,29.867,29.452,,,,,365
NOAA GHCN-Daily USW00023183,Phoenix,US,II,2008,29.096,28.635,,,,,366
NOAA GHCN-Daily USW00023183,Phoenix,US,II,2009,29.549,29.130,,,,,365
NOAA GHCN-Daily USW00023183,Phoenix,US,II,2010,29.191,28.735,,,,,365
NOAA GHCN-Daily USW00023183,Phoenix,US,II,2011,29.585,29.121,,,,,365
NOAA GHCN-Daily USW00023183,Phoenix,US,II,2012,29.579,29.196,,,,,366
NOAA GHCN-Daily USW00023183,Phoenix,US,II,2013,29.592,29.166,,,,,365
NOAA GHCN-Daily USW00023183,Phoenix,US,II,2014,29.362,29.031,,,,,365
NOAA GHCN-Daily USW00023183,Phoenix,US,II,2015,29.563,29.193,,,,,365
NOAA GHCN-Daily USW00023183,Phoenix,US,II,2016,29.366,29.007,,,,,366
NOAA GHCN-Daily USW00023183,Phoenix,US,II,2017,29.733,29.402,,,,,365
NOAA GHCN-Daily USW00023183,Phoenix,US,II,2018,29.559,29.176,,,,,365
NOAA GHCN-Daily USW00023183,Phoenix,US,II,2019,29.241,28.775,,,,,365
NOAA GHCN-Daily USW00023183,Phoenix,US,II,2020,30.676,30.304,,,,,366
NOAA GHCN-Daily USW00023183,Phoenix,US,II,2021,29.390,29.009,,,,,365
NOAA GHCN-Daily USW00023183,Phoenix,US,II,2022,29.651,29.224,,,,,365
NOAA GHCN-Daily USW00023183,Phoenix,US,II,2023,30.695,30.326,,,,,365
NOAA GHCN-Daily USW00023183,Phoenix,US,II,2024,31.391,31.074,,,,,366
NOAA GHCN-Daily USW00023183,Phoenix,US,II,2025,30.217,29.926,,,,,365
NOAA GHCN-Daily USW00012960,Houston,US,II,1981,25.163,24.305,,,,,365
NOAA GHCN-Daily USW00012960,Houston,US,II,1982,25.221,24.305,,,,,365
NOAA GHCN-Daily USW00012960,Houston,US,II,1983,23.953,22.686,,,,,365
NOAA GHCN-Daily USW00012960,Houston,US,II,1984,24.398,23.446,,,,,366
NOAA GHCN-Daily USW00012960,Houston,US,II,1985,24.773,23.805,,,,,365
NOAA GHCN-Daily USW00012960,Houston,US,II,1986,25.085,24.231,,,,,365
NOAA GHCN-Daily USW00012960,Houston,US,II,1987,24.987,23.987,,,,,365
NOAA GHCN-Daily USW00012960,Houston,US,II,1988,25.136,24.196,,,,,366
NOAA GHCN-Daily USW00012960,Houston,US,II,1989,24.708,23.683,,,,,365
NOAA GHCN-Daily USW00012960,Houston,US,II,1990,25.354,24.574,,,,,365
NOAA GHCN-Daily USW00012960,Houston,US,II,1991,24.854,23.939,,,,,365
NOAA GHCN-Daily USW00012960,Houston,US,II,1992,24.394,23.427,,,,,366
NOAA GHCN-Daily USW00012960,Houston,US,II,1993,25.055,24.067,,,,,365
NOAA GHCN-Daily USW00012960,Houston,US,II,1994,25.160,24.345,,,,,365
NOAA GHCN-Daily USW00012960,Houston,US,II,1995,25.325,24.523,,,,,365
NOAA GHCN-Daily USW00012960,Houston,US,II,1996,25.031,24.158,,,,,366
NOAA GHCN-Daily USW00012960,Houston,US,II,1997,24.265,23.123,,,,,365
NOAA GHCN-Daily USW00012960,Houston,US,II,1998,25.803,25.024,,,,,365
NOAA GHCN-Daily USW00012960,Houston,US,II,1999,25.388,24.621,,,,,365
NOAA GHCN-Daily USW00012960,Houston,US,II,2000,25.483,24.622,,,,,366
NOAA GHCN-Daily USW00012960,Houston,US,II,2001,24.582,23.592,,,,,365
NOAA GHCN-Daily USW00012960,Houston,US,II,2002,24.942,24.033,,,,,365
NOAA GHCN-Daily USW00012960,Houston,US,II,2003,25.012,24.126,,,,,365
NOAA GHCN-Daily USW00012960,Houston,US,II,2004,25.136,24.360,,,,,366
NOAA GHCN-Daily USW00012960,Houston,US,II,2005,25.382,24.563,,,,,365
NOAA GHCN-Daily USW00012960,Houston,US,II,2006,25.138,24.420,,,,,365
NOAA GHCN-Daily USW00012960,Houston,US,II,2007,25.125,24.295,,,,,365
NOAA GHCN-Daily USW00012960,Houston,US,II,2008,25.254,24.436,,,,,366
NOAA GHCN-Daily USW00012960,Houston,US,II,2009,25.765,24.968,,,,,365
NOAA GHCN-Daily USW00012960,Houston,US,II,2010,25.655,24.725,,,,,365
NOAA GHCN-Daily USW00012960,Houston,US,II,2011,26.794,26.109,,,,,365
NOAA GHCN-Daily USW00012960,Houston,US,II,2012,25.586,24.990,,,,,366
NOAA GHCN-Daily USW00012960,Houston,US,II,2013,25.340,24.430,,,,,365
NOAA GHCN-Daily USW00012960,Houston,US,II,2014,24.862,23.888,,,,,365
NOAA GHCN-Daily USW00012960,Houston,US,II,2015,25.365,24.558,,,,,365
NOAA GHCN-Daily USW00012960,Houston,US,II,2016,25.538,24.861,,,,,366
NOAA GHCN-Daily USW00012960,Houston,US,II,2017,25.509,24.924,,,,,365
NOAA GHCN-Daily USW00012960,Houston,US,II,2018,25.660,24.877,,,,,365
NOAA GHCN-Daily USW00012960,Houston,US,II,2019,25.775,25.018,,,,,365
NOAA GHCN-Daily USW00012960,Houston,US,II,2020,25.878,25.241,,,,,366
NOAA GHCN-Daily USW00012960,Houston,US,II,2021,25.479,24.792,,,,,365
NOAA GHCN-Daily USW00012960,Houston,US,II,2022,26.169,25.383,,,,,365
NOAA GHCN-Daily USW00012960,Houston,US,II,2023,26.699,26.099,,,,,365
NOAA GHCN-Daily USW00012960,Houston,US,II,2024,26.222,25.686,,,,,366
NOAA GHCN-Daily USW00012960,Houston,US,II,2025,26.482,25.901,,,,,365
NOAA GHCN-Daily USW00012839,Miami,US,II,1981,26.040,25.780,,,,,365
NOAA GHCN-Daily USW00012839,Miami,US,II,1982,26.316,26.218,,,,,365
NOAA GHCN-Daily USW00012839,Miami,US,II,1983,25.670,25.453,,,,,365
NOAA GHCN-Daily USW00012839,Miami,US,II,1984,25.267,25.062,,,,,366
NOAA GHCN-Daily USW00012839,Miami,US,II,1985,25.727,25.485,,,,,365
NOAA GHCN-Daily USW00012839,Miami,US,II,1986,26.060,25.883,,,,,365
NOAA GHCN-Daily USW00012839,Miami,US,II,1987,26.252,26.061,,,,,365
NOAA GHCN-Daily USW00012839,Miami,US,II,1988,26.139,25.976,,,,,366
NOAA GHCN-Daily USW00012839,Miami,US,II,1989,26.633,26.485,,,,,365
NOAA GHCN-Daily USW00012839,Miami,US,II,1990,26.578,26.520,,,,,365
NOAA GHCN-Daily USW00012839,Miami,US,II,1991,26.531,26.442,,,,,365
NOAA GHCN-Daily USW00012839,Miami,US,II,1992,26.206,26.074,,,,,366
NOAA GHCN-Daily USW00012839,Miami,US,II,1993,26.389,26.274,,,,,365
NOAA GHCN-Daily USW00012839,Miami,US,II,1994,26.552,26.476,,,,,365
NOAA GHCN-Daily USW00012839,Miami,US,II,1995,26.490,26.329,,,,,365
NOAA GHCN-Daily USW00012839,Miami,US,II,1996,26.151,25.961,,,,,366
NOAA GHCN-Daily USW00012839,Miami,US,II,1997,26.307,26.199,,,,,365
NOAA GHCN-Daily USW00012839,Miami,US,II,1998,26.680,26.573,,,,,365
NOAA GHCN-Daily USW00012839,Miami,US,II,1999,25.998,25.875,,,,,365
NOAA GHCN-Daily USW00012839,Miami,US,II,2000,26.035,25.912,,,,,366
NOAA GHCN-Daily USW00012839,Miami,US,II,2001,26.071,25.941,,,,,365
NOAA GHCN-Daily USW00012839,Miami,US,II,2002,26.432,26.320,,,,,365
NOAA GHCN-Daily USW00012839,Miami,US,II,2003,26.469,26.308,,,,,365
NOAA GHCN-Daily USW00012839,Miami,US,II,2004,26.126,25.987,,,,,366
NOAA GHCN-Daily USW00012839,Miami,US,II,2005,26.183,26.023,,,,,365
NOAA GHCN-Daily USW00012839,Miami,US,II,2006,26.272,26.147,,,,,365
NOAA GHCN-Daily USW00012839,Miami,US,II,2007,26.499,26.416,,,,,365
NOAA GHCN-Daily USW00012839,Miami,US,II,2008,26.452,26.360,,,,,366
NOAA GHCN-Daily USW00012839,Miami,US,II,2009,26.846,26.718,,,,,365
NOAA GHCN-Daily USW00012839,Miami,US,II,2010,26.361,26.056,,,,,365
NOAA GHCN-Daily USW00012839,Miami,US,II,2011,26.805,26.720,,,,,365
NOAA GHCN-Daily USW00012839,Miami,US,II,2012,26.224,26.122,,,,,366
NOAA GHCN-Daily USW00012839,Miami,US,II,2013,26.436,26.352,,,,,365
NOAA GHCN-Daily USW00012839,Miami,US,II,2014,26.437,26.325,,,,,365
NOAA GHCN-Daily USW00012839,Miami,US,II,2015,27.120,27.059,,,,,365
NOAA GHCN-Daily USW00012839,Miami,US,II,2016,26.657,26.570,,,,,366
NOAA GHCN-Daily USW00012839,Miami,US,II,2017,27.210,27.147,,,,,365
NOAA GHCN-Daily USW00012839,Miami,US,II,2018,26.468,26.359,,,,,365
NOAA GHCN-Daily USW00012839,Miami,US,II,2019,27.245,27.170,,,,,365
NOAA GHCN-Daily USW00012839,Miami,US,II,2020,27.323,27.248,,,,,366
NOAA GHCN-Daily USW00012839,Miami,US,II,2021,26.699,26.620,,,,,365
NOAA GHCN-Daily USW00012839,Miami,US,II,2022,27.103,27.026,,,,,365
NOAA GHCN-Daily USW00012839,Miami,US,II,2023,27.578,27.531,,,,,365
NOAA GHCN-Daily USW00012839,Miami,US,II,2024,26.946,26.869,,,,,366
NOAA GHCN-Daily USW00012839,Miami,US,II,2025,26.790,26.700,,,,,365
NOAA GHCN-Daily SPE00120512,Seville,ES,II,1981,23.835,22.475,,,,,365
NOAA GHCN-Daily SPE00120512,Seville,ES,II,1982,23.366,21.810,,,,,365
NOAA GHCN-Daily SPE00120512,Seville,ES,II,1983,23.471,22.079,,,,,365
NOAA GHCN-Daily SPE00120512,Seville,ES,II,1984,23.135,21.416,,,,,366
NOAA GHCN-Daily SPE00120512,Seville,ES,II,1985,23.915,22.487,,,,,365
NOAA GHCN-Daily SPE00120512,Seville,ES,II,1986,23.467,21.850,,,,,365
NOAA GHCN-Daily SPE00120512,Seville,ES,II,1987,23.429,22.040,,,,,365
NOAA GHCN-Daily SPE00120512,Seville,ES,II,1988,23.652,22.217,,,,,366
NOAA GHCN-Daily SPE00120512,Seville,ES,II,1989,24.479,23.336,,,,,365
NOAA GHCN-Daily SPE00120512,Seville,ES,II,1990,24.315,23.098,,,,,365
NOAA GHCN-Daily SPE00120512,Seville,ES,II,1991,24.558,23.183,,,,,365
NOAA GHCN-Daily SPE00120512,Seville,ES,II,1992,23.844,22.387,,,,,366
NOAA GHCN-Daily SPE00120512,Seville,ES,II,1993,23.546,22.019,,,,,365
NOAA GHCN-Daily SPE00120512,Seville,ES,II,1994,24.642,23.518,,,,,365
NOAA GHCN-Daily SPE00120512,Seville,ES,II,1995,24.672,23.726,,,,,365
NOAA GHCN-Daily SPE00120512,Seville,ES,II,1996,23.574,22.221,,,,,366
NOAA GHCN-Daily SPE00120512,Seville,ES,II,1997,23.708,22.655,,,,,364
NOAA GHCN-Daily SPE00120512,Seville,ES,II,1998,24.078,22.899,,,,,365
NOAA GHCN-Daily SPE00120512,Seville,ES,II,1999,24.113,22.891,,,,,365
NOAA GHCN-Daily SPE00120512,Seville,ES,II,2000,24.254,23.070,,,,,366
NOAA GHCN-Daily SPE00120512,Seville,ES,II,2001,24.076,22.938,,,,,365
NOAA GHCN-Daily SPE00120512,Seville,ES,II,2002,23.642,22.490,,,,,361
NOAA GHCN-Daily SPE00120512,Seville,ES,II,2003,24.757,23.666,,,,,365
NOAA GHCN-Daily SPE00120512,Seville,ES,II,2004,24.603,23.423,,,,,366
NOAA GHCN-Daily SPE00120512,Seville,ES,II,2005,24.682,23.520,,,,,365
NOAA GHCN-Daily SPE00120512,Seville,ES,II,2006,24.945,23.927,,,,,365
NOAA GHCN-Daily SPE00120512,Seville,ES,II,2007,24.020,22.840,,,,,365
NOAA GHCN-Daily SPE00120512,Seville,ES,II,2008,24.108,22.954,,,,,366
NOAA GHCN-Daily SPE00120512,Seville,ES,II,2009,25.046,24.068,,,,,365
NOAA GHCN-Daily SPE00120512,Seville,ES,II,2010,24.804,23.709,,,,,365
NOAA GHCN-Daily SPE00120512,Seville,ES,II,2011,24.934,23.940,,,,,365
NOAA GHCN-Daily SPE00120512,Seville,ES,II,2012,24.647,23.418,,,,,364
NOAA GHCN-Daily SPE00120512,Seville,ES,II,2013,24.287,22.978,,,,,365
NOAA GHCN-Daily SPE00120512,Seville,ES,II,2014,23.880,22.706,,,,,364
NOAA GHCN-Daily SPE00120512,Seville,ES,II,2015,24.884,23.866,,,,,365
NOAA GHCN-Daily SPE00120512,Seville,ES,II,2016,24.786,23.678,,,,,366
NOAA GHCN-Daily SPE00120512,Seville,ES,II,2017,25.326,24.326,,,,,363
NOAA GHCN-Daily SPE00120512,Seville,ES,II,2018,23.943,22.562,,,,,365
NOAA GHCN-Daily SPE00120512,Seville,ES,II,2019,24.028,22.821,,,,,363
NOAA GHCN-Daily SPE00120512,Seville,ES,II,2020,24.801,23.795,,,,,358
NOAA GHCN-Daily SPE00120512,Seville,ES,II,2021,24.375,23.210,,,,,358
NOAA GHCN-Daily SPE00120512,Seville,ES,II,2022,25.042,24.037,,,,,364
NOAA GHCN-Daily SPE00120512,Seville,ES,II,2023,25.196,24.177,,,,,361
NOAA GHCN-Daily SPE00120512,Seville,ES,II,2024,24.242,23.092,,,,,362
NOAA GHCN-Daily SPE00120512,Seville,ES,II,2025,25.666,24.700,,,,,365
NOAA GHCN-Daily JA000047662,Tokyo,JP,II,1981,21.701,18.927,,,,,365
NOAA GHCN-Daily JA000047662,Tokyo,JP,II,1982,21.584,19.183,,,,,365
NOAA GHCN-Daily JA000047662,Tokyo,JP,II,1983,21.923,19.462,,,,,365
NOAA GHCN-Daily JA000047662,Tokyo,JP,II,1984,22.320,19.694,,,,,366
NOAA GHCN-Daily JA000047662,Tokyo,JP,II,1985,22.182,19.730,,,,,365
NOAA GHCN-Daily JA000047662,Tokyo,JP,II,1986,21.659,18.939,,,,,365
NOAA GHCN-Daily JA000047662,Tokyo,JP,II,1987,22.375,20.151,,,,,365
NOAA GHCN-Daily JA000047662,Tokyo,JP,II,1988,21.440,18.780,,,,,366
NOAA GHCN-Daily JA000047662,Tokyo,JP,II,1989,21.915,19.618,,,,,365
NOAA GHCN-Daily JA000047807,Fukuoka,JP,II,1981,22.671,20.410,,,,,365
NOAA GHCN-Daily JA000047807,Fukuoka,JP,II,1982,21.988,19.813,,,,,365
NOAA GHCN-Daily JA000047807,Fukuoka,JP,II,1983,22.736,20.682,,,,,365
NOAA GHCN-Daily JA000047807,Fukuoka,JP,II,1984,22.837,20.651,,,,,366
NOAA GHCN-Daily JA000047807,Fukuoka,JP,II,1985,23.067,21.019,,,,,365
NOAA GHCN-Daily JA000047807,Fukuoka,JP,II,1986,22.303,20.003,,,,,365
NOAA GHCN-Daily JA000047807,Fukuoka,JP,II,1987,22.377,20.334,,,,,365
NOAA GHCN-Daily JA000047807,Fukuoka,JP,II,1988,22.330,20.098,,,,,366
NOAA GHCN-Daily JA000047807,Fukuoka,JP,II,1989,22.367,20.390,,,,,365
NOAA GHCN-Daily JA000047807,Fukuoka,JP,II,2025,24.212,22.712,,,,,360
NOAA GHCN-Daily JA000047936,Naha,JP,II,1981,24.294,23.880,,,,,365
NOAA GHCN-Daily JA000047936,Naha,JP,II,1982,24.369,24.033,,,,,365
NOAA GHCN-Daily JA000047936,Naha,JP,II,1983,24.883,24.530,,,,,365
NOAA GHCN-Daily JA000047936,Naha,JP,II,1984,24.427,24.000,,,,,366
NOAA GHCN-Daily JA000047936,Naha,JP,II,1985,24.304,23.963,,,,,365
NOAA GHCN-Daily JA000047936,Naha,JP,II,1986,24.363,23.900,,,,,365
NOAA GHCN-Daily JA000047936,Naha,JP,II,1987,24.931,24.632,,,,,365
NOAA GHCN-Daily JA000047936,Naha,JP,II,1988,24.787,24.514,,,,,366
NOAA GHCN-Daily JA000047936,Naha,JP,II,1989,24.549,24.263,,,,,365
NOAA GHCN-Daily JA000047936,Naha,JP,II,1990,24.853,24.596,,,,,365
NOAA GHCN-Daily JA000047936,Naha,JP,II,1991,25.338,25.105,,,,,365
NOAA GHCN-Daily JA000047936,Naha,JP,II,1992,24.557,24.274,,,,,366
NOAA GHCN-Daily JA000047936,Naha,JP,II,1993,25.011,24.718,,,,,365
NOAA GHCN-Daily JA000047936,Naha,JP,II,1994,24.797,24.529,,,,,365
NOAA GHCN-Daily JA000047936,Naha,JP,II,1995,24.802,24.413,,,,,365
NOAA GHCN-Daily JA000047936,Naha,JP,II,1996,24.760,24.414,,,,,366
NOAA GHCN-Daily JA000047936,Naha,JP,II,1997,24.554,24.302,,,,,365
NOAA GHCN-Daily JA000047936,Naha,JP,II,1998,25.887,25.752,,,,,365
NOAA GHCN-Daily JA000047936,Naha,JP,II,1999,25.046,24.833,,,,,365
NOAA GHCN-Daily JA000047936,Naha,JP,II,2000,24.590,24.333,,,,,366
NOAA GHCN-Daily JA000047936,Naha,JP,II,2025,25.762,25.502,,,,,360
NOAA GHCN-Daily GR000016716,Athens,GR,II,1981,22.436,20.760,,,,,365
NOAA GHCN-Daily GR000016716,Athens,GR,II,1982,22.272,20.316,,,,,365
NOAA GHCN-Daily GR000016716,Athens,GR,II,1983,21.958,19.994,,,,,365
NOAA GHCN-Daily GR000016716,Athens,GR,II,1984,21.984,20.025,,,,,366
NOAA GHCN-Daily GR000016716,Athens,GR,II,1985,22.442,20.737,,,,,365
NOAA GHCN-Daily GR000016716,Athens,GR,II,1986,22.678,21.018,,,,,365
NOAA GHCN-Daily GR000016716,Athens,GR,II,1987,22.774,20.956,,,,,365
NOAA GHCN-Daily GR000016716,Athens,GR,II,1988,23.081,21.362,,,,,366
NOAA GHCN-Daily GR000016716,Athens,GR,II,1989,22.319,20.511,,,,,365
NOAA GHCN-Daily GR000016716,Athens,GR,II,1990,22.901,21.409,,,,,365
NOAA GHCN-Daily GR000016716,Athens,GR,II,1991,22.377,20.465,,,,,365
NOAA GHCN-Daily GR000016716,Athens,GR,II,1992,22.463,20.607,,,,,366
NOAA GHCN-Daily GR000016716,Athens,GR,II,1993,23.010,21.348,,,,,365
NOAA GHCN-Daily GR000016716,Athens,GR,II,1994,23.600,22.197,,,,,365
NOAA GHCN-Daily GR000016716,Athens,GR,II,1995,23.114,21.537,,,,,365
NOAA GHCN-Daily GR000016716,Athens,GR,II,1996,23.053,21.392,,,,,366
NOAA GHCN-Daily GR000016716,Athens,GR,II,1997,22.731,20.965,,,,,365
NOAA GHCN-Daily GR000016716,Athens,GR,II,1998,23.530,22.049,,,,,365
NOAA GHCN-Daily GR000016716,Athens,GR,II,1999,23.671,22.402,,,,,365
NOAA GHCN-Daily GR000016716,Athens,GR,II,2000,23.636,22.264,,,,,366
NOAA GHCN-Daily GR000016716,Athens,GR,II,2004,22.965,21.501,,,,,344
NOAA GHCN-Daily IN022021900,Delhi,IN,IV,2013,28.798,28.455,,,,,331
NOAA GHCN-Daily USW00023169,Las Vegas,US,II,1981,27.198,26.263,24.05,28.331,,,365
NOAA GHCN-Daily USW00023169,Las Vegas,US,II,1982,25.424,23.996,21.785,26.076,,,365
NOAA GHCN-Daily USW00023169,Las Vegas,US,II,1983,25.551,24.242,22.146,26.238,,,365
NOAA GHCN-Daily USW00023169,Las Vegas,US,II,1984,26.003,24.743,22.555,26.76,,,366
NOAA GHCN-Daily USW00023169,Las Vegas,US,II,1985,26.861,25.734,23.292,27.992,,,365
NOAA GHCN-Daily USW00023169,Las Vegas,US,II,1986,26.557,25.549,23.461,27.53,,,365
NOAA GHCN-Daily USW00023169,Las Vegas,US,II,1987,26.328,25.155,22.95,27.158,,,365
NOAA GHCN-Daily USW00023169,Las Vegas,US,II,1988,26.767,25.697,23.463,27.742,,,366
NOAA GHCN-Daily USW00023169,Las Vegas,US,II,1989,26.981,26.022,23.866,28.013,,,365
NOAA GHCN-Daily USW00023169,Las Vegas,US,II,1990,26.676,25.595,23.362,27.638,,,365
NOAA GHCN-Daily USW00023169,Las Vegas,US,II,1991,26.124,24.934,22.795,26.924,,,365
NOAA GHCN-Daily USW00023169,Las Vegas,US,II,1992,26.565,25.501,23.419,27.411,,,366
NOAA GHCN-Daily USW00023169,Las Vegas,US,II,1993,26.331,25.194,23.068,27.164,,,365
NOAA GHCN-Daily USW00023169,Las Vegas,US,II,1994,27.703,26.758,24.385,28.91,,,365
NOAA GHCN-Daily USW00023169,Las Vegas,US,II,1995,26.889,25.935,23.773,28.004,,,365
NOAA GHCN-Daily USW00023169,Las Vegas,US,II,1996,27.271,26.343,24.165,28.352,,,366
NOAA GHCN-Daily USW00023169,Las Vegas,US,II,1997,26.567,25.538,23.555,27.354,,,365
NOAA GHCN-Daily USW00023169,Las Vegas,US,II,1998,26.063,24.827,22.554,27.016,,,365
NOAA GHCN-Daily USW00023169,Las Vegas,US,II,1999,26.193,25.158,23.251,26.958,,,365
NOAA GHCN-Daily USW00023169,Las Vegas,US,II,2000,27.39,26.472,24.302,28.459,,,366
NOAA GHCN-Daily USW00023169,Las Vegas,US,II,2001,27.506,26.575,24.44,28.476,,,365
NOAA GHCN-Daily USW00023169,Las Vegas,US,II,2002,27.334,26.365,24.1,28.435,,,365
NOAA GHCN-Daily USW00023169,Las Vegas,US,II,2003,27.561,26.673,24.515,28.65,,,365
NOAA GHCN-Daily USW00023169,Las Vegas,US,II,2004,27.067,26.122,24.078,27.991,,,366
NOAA GHCN-Daily USW00023169,Las Vegas,US,II,2005,27.064,26.201,24.166,28.165,,,365
NOAA GHCN-Daily USW00023169,Las Vegas,US,II,2006,27.473,26.572,24.409,28.545,,,365
NOAA GHCN-Daily USW00023169,Las Vegas,US,II,2007,28.059,27.287,25.156,29.213,,,365
NOAA GHCN-Daily USW00023169,Las Vegas,US,II,2008,27.538,26.661,24.514,28.624,,,366
NOAA GHCN-Daily USW00023169,Las Vegas,US,II,2009,27.388,26.497,24.413,28.4,,,365
NOAA GHCN-Daily USW00023169,Las Vegas,US,II,2010,27.388,26.461,24.234,28.523,,,365
NOAA GHCN-Daily USW00023169,Las Vegas,US,II,2011,27.03,26.037,23.863,28.031,,,365
NOAA GHCN-Daily USW00023169,Las Vegas,US,II,2012,27.712,26.933,24.953,28.745,,,366
NOAA GHCN-Daily USW00023169,Las Vegas,US,II,2013,27.45,26.58,24.437,28.571,,,365
NOAA GHCN-Daily USW00023169,Las Vegas,US,II,2014,27.505,26.81,25.02,28.496,,,365
NOAA GHCN-Daily USW00023169,Las Vegas,US,II,2015,27.842,27.129,25.183,28.935,,,365
NOAA GHCN-Daily USW00023169,Las Vegas,US,II,2016,27.918,27.199,25.147,29.137,,,366
NOAA GHCN-Daily USW00023169,Las Vegas,US,II,2017,28.17,27.521,25.484,29.468,,,365
NOAA GHCN-Daily USW00023169,Las Vegas,US,II,2018,28.409,27.712,25.624,29.622,,,365
NOAA GHCN-Daily USW00023169,Las Vegas,US,II,2019,27.436,26.514,24.3,28.554,,,365
NOAA GHCN-Daily USW00023169,Las Vegas,US,II,2020,28.386,27.639,25.454,29.616,,,366
NOAA GHCN-Daily USW00023169,Las Vegas,US,II,2021,28.248,27.514,25.347,29.521,,,365
NOAA GHCN-Daily USW00023169,Las Vegas,US,II,2022,27.688,26.837,24.768,28.703,,,365
NOAA GHCN-Daily USW00023169,Las Vegas,US,II,2023,27.131,26.185,24.031,28.221,,,365
NOAA GHCN-Daily USW00023169,Las Vegas,US,II,2024,29.313,28.613,26.208,30.751,,,366
NOAA GHCN-Daily USW00023169,Las Vegas,US,II,2025,27.71,26.996,25.083,28.795,,,365
NOAA GHCN-Daily USW00023160,Tucson,US,II,1981,25.874,24.974,23.363,26.527,,,365
NOAA GHCN-Daily USW00023160,Tucson,US,II,1982,25.08,23.873,22.131,25.543,,,365
NOAA GHCN-Daily USW00023160,Tucson,US,II,1983,25.54,24.438,22.621,26.194,,,365
NOAA GHCN-Daily USW00023160,Tucson,US,II,1984,25.454,24.377,22.686,25.969,,,366
NOAA GHCN-Daily USW00023160,Tucson,US,II,1985,26.23,25.251,23.342,27.081,,,365
NOAA GHCN-Daily USW00023160,Tucson,US,II,1986,26.383,25.569,23.891,27.182,,,365
NOAA GHCN-Daily USW00023160,Tucson,US,II,1987,26.474,25.568,23.683,27.338,,,365
NOAA GHCN-Daily USW00023160,Tucson,US,II,1988,26.921,26.113,24.283,27.826,,,366
NOAA GHCN-Daily USW00023160,Tucson,US,II,1989,27.486,26.759,24.89,28.494,,,365
NOAA GHCN-Daily USW00023160,Tucson,US,II,1990,26.557,25.682,23.841,27.441,,,365
NOAA GHCN-Daily USW00023160,Tucson,US,II,1991,26.301,25.358,23.495,27.123,,,365
NOAA GHCN-Daily USW00023160,Tucson,US,II,1992,26.612,25.732,23.868,27.487,,,366
NOAA GHCN-Daily USW00023160,Tucson,US,II,1993,26.754,25.927,24.057,27.725,,,365
NOAA GHCN-Daily USW00023160,Tucson,US,II,1994,27.599,26.832,24.797,28.746,,,365
NOAA GHCN-Daily USW00023160,Tucson,US,II,1995,26.607,25.777,23.975,27.529,,,365
NOAA GHCN-Daily USW00023160,Tucson,US,II,1996,26.602,25.804,24.1,27.413,,,366
NOAA GHCN-Daily USW00023160,Tucson,US,II,1997,26.501,25.61,23.833,27.261,,,365
NOAA GHCN-Daily USW00023160,Tucson,US,II,1998,25.914,24.841,22.966,26.616,,,365
NOAA GHCN-Daily USW00023160,Tucson,US,II,1999,26.056,25.154,23.544,26.64,,,365
NOAA GHCN-Daily USW00023160,Tucson,US,II,2000,26.632,25.763,23.954,27.446,,,366
NOAA GHCN-Daily USW00023160,Tucson,US,II,2001,26.636,25.742,23.931,27.396,,,365
NOAA GHCN-Daily USW00023160,Tucson,US,II,2002,26.618,25.765,23.967,27.461,,,365
NOAA GHCN-Daily USW00023160,Tucson,US,II,2003,26.799,26.012,24.253,27.675,,,365
NOAA GHCN-Daily USW00023160,Tucson,US,II,2004,26.096,25.156,23.436,26.763,,,366
NOAA GHCN-Daily USW00023160,Tucson,US,II,2005,26.724,25.941,24.187,27.639,,,365
NOAA GHCN-Daily USW00023160,Tucson,US,II,2006,26.333,25.505,23.854,27.074,,,365
NOAA GHCN-Daily USW00023160,Tucson,US,II,2007,26.855,26.034,24.268,27.664,,,365
NOAA GHCN-Daily USW00023160,Tucson,US,II,2008,26.257,25.381,23.712,26.961,,,366
NOAA GHCN-Daily USW00023160,Tucson,US,II,2009,26.976,26.225,24.506,27.829,,,365
NOAA GHCN-Daily USW00023160,Tucson,US,II,2010,26.687,25.816,23.983,27.535,,,363
NOAA GHCN-Daily USW00023160,Tucson,US,II,2011,26.88,26.016,24.126,27.761,,,365
NOAA GHCN-Daily USW00023160,Tucson,US,II,2012,26.97,26.227,24.543,27.803,,,366
NOAA GHCN-Daily USW00023160,Tucson,US,II,2013,27.096,26.318,24.53,27.974,,,365
NOAA GHCN-Daily USW00023160,Tucson,US,II,2014,26.863,26.211,24.697,27.661,,,365
NOAA GHCN-Daily USW00023160,Tucson,US,II,2015,26.818,26.108,24.492,27.654,,,365
NOAA GHCN-Daily USW00023160,Tucson,US,II,2016,27.024,26.362,24.769,27.89,,,366
NOAA GHCN-Daily USW00023160,Tucson,US,II,2017,27.589,27.018,25.42,28.558,,,365
NOAA GHCN-Daily USW00023160,Tucson,US,II,2018,27.012,26.322,24.655,27.919,,,365
NOAA GHCN-Daily USW00023160,Tucson,US,II,2019,26.764,25.934,24.098,27.679,,,365
NOAA GHCN-Daily USW00023160,Tucson,US,II,2020,28.224,27.586,25.663,29.347,,,365
NOAA GHCN-Daily USW00023160,Tucson,US,II,2021,26.972,26.299,24.679,27.871,,,365
NOAA GHCN-Daily USW00023160,Tucson,US,II,2022,27.16,26.412,24.66,28.03,,,365
NOAA GHCN-Daily USW00023160,Tucson,US,II,2023,27.907,27.233,25.307,29.032,,,365
NOAA GHCN-Daily USW00023160,Tucson,US,II,2024,27.977,27.31,25.432,29.044,,,366
NOAA GHCN-Daily USW00023160,Tucson,US,II,2025,27.632,27.023,25.351,28.614,,,365
NOAA GHCN-Daily USW00012916,New Orleans,US,II,1981,24.868,23.954,22.767,25.044,,,365
NOAA GHCN-Daily USW00012916,New Orleans,US,II,1982,24.515,23.681,22.675,24.61,,,365
NOAA GHCN-Daily USW00012916,New Orleans,US,II,1983,23.497,22.188,21.031,23.254,,,365
NOAA GHCN-Daily USW00012916,New Orleans,US,II,1984,23.426,22.296,21.311,23.195,,,366
NOAA GHCN-Daily USW00012916,New Orleans,US,II,1985,23.895,22.89,21.86,23.809,,,365
NOAA GHCN-Daily USW00012916,New Orleans,US,II,1986,24.539,23.614,22.525,24.624,,,365
NOAA GHCN-Daily USW00012916,New Orleans,US,II,1987,24.217,23.154,22.014,24.222,,,365
NOAA GHCN-Daily USW00012916,New Orleans,US,II,1988,23.902,22.845,21.792,23.81,,,366
NOAA GHCN-Daily USW00012916,New Orleans,US,II,1989,24.117,23.11,22.025,24.103,,,365
NOAA GHCN-Daily USW00012916,New Orleans,US,II,1990,24.714,23.933,22.881,24.957,,,365
NOAA GHCN-Daily USW00012916,New Orleans,US,II,1991,24.518,23.633,22.578,24.622,,,365
NOAA GHCN-Daily USW00012916,New Orleans,US,II,1992,23.837,22.786,21.725,23.812,,,366
NOAA GHCN-Daily USW00012916,New Orleans,US,II,1993,24.227,23.11,21.88,24.272,,,365
NOAA GHCN-Daily USW00012916,New Orleans,US,II,1994,24.225,23.28,22.235,24.248,,,365
NOAA GHCN-Daily USW00012916,New Orleans,US,II,1995,24.824,23.93,22.744,25.037,,,365
NOAA GHCN-Daily USW00012916,New Orleans,US,II,1996,24.279,23.359,22.326,24.292,,,366
NOAA GHCN-Daily USW00012916,New Orleans,US,II,1997,24.363,23.414,22.337,24.415,,,365
NOAA GHCN-Daily USW00012916,New Orleans,US,II,1998,25.133,24.392,23.336,25.389,,,365
NOAA GHCN-Daily USW00012916,New Orleans,US,II,1999,24.702,23.935,22.967,24.843,,,365
NOAA GHCN-Daily USW00012916,New Orleans,US,II,2000,25.088,24.25,23.097,25.315,,,366
NOAA GHCN-Daily USW00012916,New Orleans,US,II,2001,24.295,23.413,22.442,24.308,,,365
NOAA GHCN-Daily USW00012916,New Orleans,US,II,2002,24.704,23.796,22.729,24.749,,,365
NOAA GHCN-Daily USW00012916,New Orleans,US,II,2003,24.707,23.826,22.788,24.759,,,365
NOAA GHCN-Daily USW00012916,New Orleans,US,II,2004,24.47,23.602,22.615,24.501,,,366
NOAA GHCN-Daily USW00012916,New Orleans,US,II,2005,24.93,24.125,23.072,25.108,,,365
NOAA GHCN-Daily USW00012916,New Orleans,US,II,2006,24.865,24.123,23.141,25.042,,,365
NOAA GHCN-Daily USW00012916,New Orleans,US,II,2007,24.73,23.906,22.889,24.85,,,365
NOAA GHCN-Daily USW00012916,New Orleans,US,II,2008,24.527,23.692,22.701,24.614,,,366
NOAA GHCN-Daily USW00012916,New Orleans,US,II,2009,24.884,24.085,23.037,25.064,,,365
NOAA GHCN-Daily USW00012916,New Orleans,US,II,2010,25.17,24.177,22.884,25.308,,,365
NOAA GHCN-Daily USW00012916,New Orleans,US,II,2011,25.479,24.746,23.621,25.782,,,365
NOAA GHCN-Daily USW00012916,New Orleans,US,II,2012,24.992,24.406,23.562,25.208,,,366
NOAA GHCN-Daily USW00012916,New Orleans,US,II,2013,24.49,23.571,22.524,24.543,,,365
NOAA GHCN-Daily USW00012916,New Orleans,US,II,2014,24.548,23.562,22.427,24.589,,,365
NOAA GHCN-Daily USW00012916,New Orleans,US,II,2015,25.305,24.688,23.744,25.564,,,365
NOAA GHCN-Daily USW00012916,New Orleans,US,II,2016,25.963,25.407,24.417,26.327,,,366
NOAA GHCN-Daily USW00012916,New Orleans,US,II,2017,24.698,24.074,23.257,24.846,,,365
NOAA GHCN-Daily USW00012916,New Orleans,US,II,2018,25.554,24.885,23.853,25.824,,,365
NOAA GHCN-Daily USW00012916,New Orleans,US,II,2019,25.749,25.126,24.086,26.098,,,365
NOAA GHCN-Daily USW00012916,New Orleans,US,II,2020,25.522,25.012,24.164,25.82,,,366
NOAA GHCN-Daily USW00012916,New Orleans,US,II,2021,25.164,24.516,23.587,25.383,,,365
NOAA GHCN-Daily USW00012916,New Orleans,US,II,2022,25.127,24.365,23.334,25.302,,,365
NOAA GHCN-Daily USW00012916,New Orleans,US,II,2023,26.166,25.652,24.606,26.665,,,365
NOAA GHCN-Daily USW00012916,New Orleans,US,II,2024,25.658,25.09,24.159,25.957,,,366
NOAA GHCN-Daily USW00012916,New Orleans,US,II,2025,25.772,25.151,24.146,26.06,,,365
NOAA GHCN-Daily USW00012842,Tampa,US,II,1981,24.56,23.823,22.899,24.681,,,365
NOAA GHCN-Daily USW00012842,Tampa,US,II,1982,24.947,24.57,23.965,25.152,,,365
NOAA GHCN-Daily USW00012842,Tampa,US,II,1983,24.526,23.897,23.105,24.648,,,365
NOAA GHCN-Daily USW00012842,Tampa,US,II,1984,24.867,24.344,23.608,25.038,,,366
NOAA GHCN-Daily USW00012842,Tampa,US,II,1985,25.702,25.254,24.465,25.984,,,365
NOAA GHCN-Daily USW00012842,Tampa,US,II,1986,25.468,25.079,24.366,25.77,,,365
NOAA GHCN-Daily USW00012842,Tampa,US,II,1987,25.044,24.528,23.713,25.324,,,365
NOAA GHCN-Daily USW00012842,Tampa,US,II,1988,25.012,24.447,23.619,25.236,,,366
NOAA GHCN-Daily USW00012842,Tampa,US,II,1989,25.667,25.236,24.446,25.985,,,365
NOAA GHCN-Daily USW00012842,Tampa,US,II,1990,26.093,25.808,25.132,26.474,,,365
NOAA GHCN-Daily USW00012842,Tampa,US,II,1991,25.676,25.321,24.631,25.989,,,365
NOAA GHCN-Daily USW00012842,Tampa,US,II,1992,24.954,24.442,23.658,25.21,,,366
NOAA GHCN-Daily USW00012842,Tampa,US,II,1993,25.171,24.669,23.839,25.481,,,365
NOAA GHCN-Daily USW00012842,Tampa,US,II,1994,25.412,25.059,24.415,25.682,,,365
NOAA GHCN-Daily USW00012842,Tampa,US,II,1995,25.443,24.953,24.158,25.698,,,365
NOAA GHCN-Daily USW00012842,Tampa,US,II,1996,25.114,24.574,23.773,25.325,,,366
NOAA GHCN-Daily USW00012842,Tampa,US,II,1997,25.268,24.914,24.272,25.543,,,365
NOAA GHCN-Daily USW00012842,Tampa,US,II,1998,25.723,25.386,24.717,26.038,,,365
NOAA GHCN-Daily USW00012842,Tampa,US,II,1999,25.292,24.886,24.205,25.542,,,365
NOAA GHCN-Daily USW00012842,Tampa,US,II,2000,25.311,24.861,24.12,25.565,,,366
NOAA GHCN-Daily USW00012842,Tampa,US,II,2001,25.166,24.761,24.096,25.399,,,365
NOAA GHCN-Daily USW00012842,Tampa,US,II,2002,25.521,25.1,24.392,25.762,,,365
NOAA GHCN-Daily USW00012842,Tampa,US,II,2003,25.199,24.729,24.032,25.376,,,365
NOAA GHCN-Daily USW00012842,Tampa,US,II,2004,25.178,24.72,24.004,25.405,,,366
NOAA GHCN-Daily USW00012842,Tampa,US,II,2005,25.207,24.734,23.976,25.466,,,365
NOAA GHCN-Daily USW00012842,Tampa,US,II,2006,25.343,24.958,24.298,25.592,,,365
NOAA GHCN-Daily USW00012842,Tampa,US,II,2007,25.736,25.396,24.72,26.049,,,365
NOAA GHCN-Daily USW00012842,Tampa,US,II,2008,25.299,24.906,24.225,25.562,,,366
NOAA GHCN-Daily USW00012842,Tampa,US,II,2009,25.635,25.232,24.515,25.911,,,365
NOAA GHCN-Daily USW00012842,Tampa,US,II,2010,25.557,24.879,23.862,25.791,,,365
NOAA GHCN-Daily USW00012842,Tampa,US,II,2011,25.827,25.502,24.819,26.165,,,365
NOAA GHCN-Daily USW00012842,Tampa,US,II,2012,25.592,25.307,24.727,25.869,,,366
NOAA GHCN-Daily USW00012842,Tampa,US,II,2013,25.507,25.19,24.575,25.79,,,365
NOAA GHCN-Daily USW00012842,Tampa,US,II,2014,25.134,24.658,23.912,25.376,,,365
NOAA GHCN-Daily USW00012842,Tampa,US,II,2015,26.232,25.997,25.453,26.518,,,365
NOAA GHCN-Daily USW00012842,Tampa,US,II,2016,25.965,25.661,25.019,26.281,,,366
NOAA GHCN-Daily USW00012842,Tampa,US,II,2017,26.36,26.148,25.559,26.73,,,365
NOAA GHCN-Daily USW00012842,Tampa,US,II,2018,26.267,25.968,25.302,26.598,,,365
NOAA GHCN-Daily USW00012842,Tampa,US,II,2019,26.24,25.979,25.353,26.588,,,362
NOAA GHCN-Daily USW00012842,Tampa,US,II,2020,26.506,26.251,25.62,26.854,,,366
NOAA GHCN-Daily USW00012842,Tampa,US,II,2021,26.337,26.084,25.465,26.686,,,365
NOAA GHCN-Daily USW00012842,Tampa,US,II,2022,26.624,26.38,25.724,27.008,,,365
NOAA GHCN-Daily USW00012842,Tampa,US,II,2023,26.529,26.311,25.679,26.932,,,365
NOAA GHCN-Daily USW00012842,Tampa,US,II,2024,26.261,25.961,25.277,26.618,,,365
NOAA GHCN-Daily USW00012842,Tampa,US,II,2025,26.458,26.154,25.443,26.83,,,365
